Name,Adapts Well To Apartment Living,Good For Novice Owners,Sensitivity Level,Tolerates Being Alone,Tolerates Cold Weather,Tolerates Hot Weather,Affectionate With Family,Kid-Friendly,Dog Friendly,Friendly Toward Strangers,Amount Of Shedding,Drooling Potential,Easy To Groom,General Health,Potential For Weight Gain,Size,Easy To Train,Intelligence,Potential For Mouthiness,Prey Drive,Tendency To Bark Or Howl,Wanderlust Potential,Energy Level,Intensity,Exercise Needs,Potential For Playfulness
Afador,1,1,3,3,4,2,4,2,3,1,4,3,2,3,4,4,1,5,4,4,4,4,4,4,4,3
Affenhuahua,4,4,4,1,2,3,4,3,2,2,2,1,4,4,5,1,3,3,4,2,4,2,4,3,3,3
Affenpinscher,5,4,3,1,3,3,5,1,4,3,1,1,3,4,3,1,2,4,4,3,2,2,4,3,3,4
Afghan Hound,5,3,5,2,5,5,5,5,4,2,4,1,1,3,1,4,1,4,3,5,2,5,5,2,4,4
Akbash,1,2,3,4,4,2,5,4,3,2,4,2,3,4,4,4,3,4,3,1,3,1,2,2,2,3
Akita,2,2,5,1,5,2,5,1,1,2,5,5,1,4,4,4,2,3,3,4,5,4,4,3,4,5
Akita Chow,2,1,4,2,5,2,1,1,1,2,4,3,1,2,4,4,2,4,3,4,2,3,4,4,4,2
Akita Pit,3,1,2,4,3,3,4,3,3,2,3,3,4,4,4,4,3,4,3,4,3,1,3,4,3,3
Akita Shepherd,3,3,2,3,4,3,4,3,3,3,4,2,3,3,3,4,4,4,2,3,1,2,3,3,4,3
Alaskan Klee Kai,3,2,4,2,5,2,4,3,2,2,4,2,4,4,2,2,4,4,2,5,3,4,4,2,4,4
Alaskan Malamute,1,1,4,1,5,2,4,3,2,5,5,1,1,4,3,4,4,4,3,4,5,5,5,5,5,5
American Bulldog,1,1,4,1,2,2,5,4,2,2,1,4,4,3,2,4,4,3,2,4,2,3,4,4,4,4
American English Coonhound,1,2,5,2,4,4,5,5,4,5,3,1,5,4,3,3,5,4,3,5,5,5,5,5,5,5
American Eskimo Dog,5,4,4,2,5,3,5,5,5,4,5,1,3,5,4,2,5,4,3,3,4,3,5,3,4,5
American Foxhound,1,2,2,1,4,4,4,5,5,4,3,1,5,5,5,3,2,3,3,4,5,5,5,4,5,5
American Hairless Terrier,4,3,3,2,1,3,4,4,3,3,1,1,5,4,4,2,3,4,3,4,3,3,4,3,3,5
American Leopard Hound,2,4,3,3,4,4,5,4,4,3,2,2,4,4,2,4,4,4,3,4,4,4,4,3,4,4
American Pit Bull Terrier,3,2,4,1,2,3,5,5,1,5,4,1,5,4,3,3,4,4,5,3,3,4,4,5,4,5
American Pugabull,3,3,4,1,2,3,5,4,3,3,3,3,4,2,3,3,3,3,2,4,4,2,4,4,3,5
American Staffordshire Terrier,2,2,3,2,2,3,4,4,2,4,2,3,4,3,2,3,4,4,5,3,4,3,3,5,3,4
American Water Spaniel,2,2,5,1,2,4,5,5,2,3,3,1,3,3,3,3,4,3,5,2,3,5,5,2,5,5
Anatolian Shepherd Dog,1,2,4,3,5,3,3,2,2,1,2,3,4,3,3,5,4,4,2,2,2,4,3,3,3,3
Appenzeller Sennenhunde,1,3,3,1,5,4,5,5,3,2,3,1,5,4,3,3,4,4,5,3,5,3,4,4,5,4
Auggie,2,3,4,3,4,3,5,5,5,4,4,1,2,3,4,3,5,5,3,3,4,3,5,4,5,5
Aussiedoodle,2,3,3,2,3,3,5,4,4,4,3,4,3,4,4,3,5,5,3,3,2,3,5,4,5,5
Aussiepom,3,2,3,2,3,3,4,3,4,4,3,2,2,4,4,3,4,4,4,2,3,2,5,3,4,5
Australian Cattle Dog,2,1,4,3,4,4,5,3,4,2,3,1,4,5,4,3,5,5,5,4,2,4,5,5,5,5
Australian Kelpie,2,2,4,2,3,5,4,2,3,2,3,1,4,3,2,3,5,5,5,4,4,4,5,3,5,4
Australian Retriever,1,4,3,2,4,4,4,4,3,3,3,2,3,4,4,4,4,4,2,3,2,4,5,3,5,4
Australian Shepherd,1,2,5,2,4,4,5,4,5,3,3,1,1,2,4,3,5,5,4,4,4,5,5,4,5,5
Australian Shepherd Husky,1,2,4,1,5,4,5,3,2,2,4,2,3,3,4,4,4,5,3,4,5,5,5,5,5,5
Australian Shepherd Lab Mix,2,2,5,4,5,4,4,4,4,4,4,2,4,4,3,4,5,5,4,3,3,5,5,5,5,5
Australian Shepherd Pit Bull Mix,2,3,3,2,3,3,4,4,3,3,4,2,3,4,5,4,4,4,3,4,2,3,4,3,4,4
Australian Stumpy Tail Cattle Dog,1,2,3,2,4,4,3,3,2,2,4,2,3,4,4,3,3,4,3,3,2,4,5,4,5,3
Australian Terrier,5,3,2,2,3,4,4,3,2,3,1,1,5,5,3,1,3,4,1,5,5,4,5,5,4,5
Azawakh,5,2,3,3,1,5,4,2,3,2,3,1,5,3,3,4,3,3,3,4,1,2,3,2,4,3
Barbet,3,2,3,1,4,4,5,4,4,3,2,1,1,4,3,3,4,4,2,3,3,3,5,3,3,4
Basenji,5,4,3,4,1,4,5,5,4,5,1,1,5,2,2,2,1,4,5,5,1,5,5,1,5,2
Bassador,2,2,3,3,4,4,3,3,3,3,5,4,3,3,3,4,2,3,2,4,3,3,3,2,4,3
Basset Fauve de Bretagne,4,4,3,3,3,1,5,4,4,3,2,1,4,5,1,2,3,5,3,3,2,1,4,2,4,3
Basset Retriever,3,3,2,2,4,4,4,4,3,4,2,2,4,4,4,3,4,5,3,5,2,4,4,2,4,4
Bavarian Mountain Scent Hound,2,3,2,2,2,3,5,4,3,2,1,2,3,4,2,3,3,4,2,4,2,2,4,2,4,4
Beabull,4,3,4,4,2,2,5,5,4,3,4,3,5,3,4,3,3,3,4,4,4,4,3,4,3,5
Beagle,4,3,4,1,2,4,5,5,5,5,3,1,4,1,5,2,1,4,3,5,5,5,4,5,4,5
Beaglier,5,4,4,1,2,3,5,5,5,5,3,1,4,2,5,2,2,4,3,3,4,4,3,3,4,5
Bearded Collie,3,4,4,2,4,3,5,4,5,4,4,1,2,3,4,3,5,4,3,3,3,5,4,4,4,5
Bedlington Terrier,4,4,3,3,4,3,5,4,4,5,5,1,1,4,3,3,3,5,4,5,3,4,4,2,4,5
Belgian Laekenois,3,3,2,2,3,3,4,4,4,3,3,3,4,3,3,4,3,4,2,4,2,3,4,3,4,4
Belgian Malinois,1,3,5,3,4,4,5,4,2,3,2,1,5,4,2,4,5,5,3,4,2,3,5,4,5,5
Belgian Sheepdog,3,3,5,3,4,3,4,5,5,4,5,1,3,3,2,4,5,5,2,5,1,4,5,3,5,5
Belgian Tervuren,3,3,5,1,4,3,4,3,3,3,4,1,3,3,2,4,5,5,2,2,5,4,5,3,4,5
Bergamasco Sheepdog,3,4,2,3,4,3,4,5,4,4,2,1,4,5,2,3,3,5,2,2,3,3,4,2,3,4
Berger Picard,3,4,5,3,4,3,5,5,3,2,4,1,5,5,3,4,4,4,2,3,2,2,5,3,5,5
Bernedoodle,3,3,4,2,5,3,5,5,4,3,1,2,3,4,3,3,4,5,4,3,3,3,4,3,3,5
Bernese Mountain Dog,1,2,4,1,5,1,5,5,3,5,5,4,3,1,4,5,4,4,5,5,4,3,4,3,3,4
Bichon Frise,5,5,5,1,3,4,5,4,4,5,2,1,1,4,4,2,5,4,3,4,2,2,5,3,3,5
Biewer Terrier,5,3,3,3,2,3,5,4,3,3,1,1,4,4,3,1,3,4,3,1,3,1,5,3,3,4
Black and Tan Coonhound,1,2,3,2,4,4,5,5,5,5,5,3,4,5,5,3,2,5,1,5,5,5,5,5,5,5
Black Mouth Cur,1,2,4,2,3,3,5,5,3,3,3,2,5,4,2,4,3,4,3,5,4,4,4,3,5,4
Black Russian Terrier,3,2,4,2,4,3,4,5,2,2,3,3,2,3,3,5,4,4,4,2,3,3,3,5,4,5
Bloodhound,1,2,4,2,3,3,5,5,5,5,4,5,1,3,3,4,3,4,5,3,4,5,5,4,5,3
Blue Lacy,1,1,4,2,4,5,4,3,2,2,3,2,5,4,2,3,5,5,4,5,5,4,5,5,5,4
Bluetick Coonhound,2,2,5,2,3,3,5,5,3,3,2,2,5,4,3,3,2,4,3,4,4,5,5,4,5,5
Bocker,5,3,5,1,3,4,5,4,4,4,3,1,3,3,4,2,4,4,4,5,5,5,4,3,4,4
Boerboel,1,1,3,2,3,4,4,4,2,2,3,4,4,4,3,5,2,4,3,3,3,4,3,4,4,4
Boglen Terrier,4,4,4,2,2,3,5,5,5,5,2,1,4,3,3,2,2,2,4,4,4,5,4,5,4,5
Bohemian Shepherd,2,3,4,2,4,3,4,4,4,3,4,1,4,4,3,3,4,5,2,2,2,3,4,3,4,5
Bolognese,5,3,5,2,2,3,5,5,5,5,1,1,1,5,3,1,5,4,4,5,4,1,3,3,4,3
Borador,3,3,2,2,3,3,5,4,4,4,4,3,3,3,4,4,4,5,3,3,2,3,4,3,4,5
Border Collie,2,2,5,1,4,4,5,4,3,5,3,1,3,2,3,3,5,5,3,3,2,3,5,3,5,5
Border Sheepdog,2,3,2,2,4,2,5,4,3,3,3,1,3,4,2,3,4,5,4,3,4,2,5,3,5,4
Border Terrier,4,3,3,1,4,3,5,4,2,5,3,1,2,4,5,2,3,5,5,5,1,4,4,4,5,5
Bordoodle,4,4,3,3,4,4,4,5,3,2,2,2,4,4,3,3,4,5,3,2,2,3,3,2,3,4
Borzoi,5,3,5,1,4,3,4,3,4,4,5,1,4,4,2,5,3,4,3,5,2,4,2,2,2,3
BoShih,5,4,3,1,2,2,4,2,3,4,2,1,5,3,3,2,2,3,1,1,2,2,3,2,3,5
Bossie,2,2,3,5,3,3,4,4,4,4,2,1,3,3,3,3,4,4,3,3,3,5,4,4,5,5
Boston Boxer,4,3,3,2,3,3,4,4,4,2,3,3,4,4,4,3,3,4,3,3,3,2,4,3,4,5
Boston Terrier,5,4,5,3,3,2,4,5,5,4,2,1,5,4,3,2,4,4,2,2,3,5,4,5,4,5
Boston Terrier Pekingese Mix,4,3,3,2,2,2,4,4,3,3,2,2,4,4,4,1,2,4,3,2,4,2,3,3,3,4
Bouvier des Flandres,3,2,4,2,4,2,5,5,2,2,1,1,2,3,4,4,5,4,2,2,4,2,4,5,4,4
Boxador,2,2,3,1,2,2,5,4,4,4,4,2,5,2,4,4,5,5,3,2,3,3,5,5,5,5
Boxer,4,3,4,1,2,1,5,4,3,4,4,2,5,2,4,3,4,4,2,3,3,3,5,5,5,5
Boxerdoodle,1,3,3,2,3,3,4,3,4,3,2,2,3,3,4,3,4,4,2,3,2,4,4,4,4,5
Boxmatian,1,2,3,2,2,4,4,3,2,1,3,2,3,5,4,5,3,4,4,3,3,4,5,4,5,4
Boxweiler,2,3,4,2,3,2,5,4,4,2,3,2,3,3,4,4,4,4,2,2,3,1,4,3,4,4
Boykin Spaniel,1,3,4,3,3,4,5,5,4,3,4,1,1,2,4,3,4,4,4,2,3,4,5,5,5,4
Bracco Italiano,1,2,4,3,3,3,5,4,5,3,3,2,5,2,3,4,3,4,2,5,2,3,4,4,5,4
Braque du Bourbonnais,1,3,3,2,2,3,5,4,4,4,2,1,4,4,1,3,4,4,3,4,3,2,5,2,5,3
Briard,3,3,4,3,4,3,4,5,5,2,1,1,1,3,3,4,4,4,2,3,4,5,4,4,4,4
Brittany,1,3,5,1,4,3,5,5,5,4,3,5,3,4,3,3,3,5,3,5,3,4,5,3,5,5
Broholmer,2,4,3,3,3,3,5,4,3,3,3,2,4,4,3,5,4,4,3,2,3,2,3,3,3,3
Brussels Griffon,5,2,5,1,1,2,5,4,4,3,3,3,3,3,3,1,3,4,3,1,4,5,5,3,4,5
Bugg,5,4,3,2,2,3,4,3,2,3,2,2,4,4,4,2,3,4,4,3,4,2,4,3,2,4
Bull Arab,2,1,2,3,4,4,3,3,1,2,2,2,4,4,3,4,2,4,3,5,2,4,4,5,4,2
Bull-Pei,4,2,3,3,1,1,3,2,2,2,4,3,4,3,4,3,3,2,4,2,2,1,2,2,2,2
Bull Terrier,4,3,5,2,1,4,5,5,4,5,3,1,5,4,5,2,5,4,4,4,1,5,4,5,5,5
Bullador,2,2,4,2,2,2,4,4,4,4,4,4,4,3,5,4,4,4,2,4,4,3,4,4,4,4
Bullboxer Pit,1,2,3,2,2,2,4,4,2,2,4,4,4,4,4,3,2,4,4,5,4,3,5,5,5,4
Bulldog,5,4,4,3,1,1,5,4,2,5,3,5,5,4,5,2,3,2,2,2,4,1,2,3,3,4
Bullmastiff,3,2,4,2,4,2,5,5,4,3,1,5,5,2,5,5,3,3,3,3,4,3,2,4,3,5
Bullmatian,2,1,3,3,2,2,4,5,4,3,2,3,4,4,4,3,1,4,3,3,2,3,5,4,4,4
Cairn Terrier,5,4,3,1,4,4,5,5,4,4,3,1,5,4,3,1,2,5,3,4,4,3,5,4,4,5
Canaan Dog,4,2,4,3,3,5,4,2,3,2,4,1,5,5,2,3,5,4,3,3,3,2,4,3,3,4
Cane Corso,1,1,3,1,3,4,4,2,3,2,3,4,5,3,4,4,4,5,2,5,3,2,4,3,5,2
Cardigan Welsh Corgi,4,4,4,3,4,3,5,4,3,3,4,1,3,4,4,2,4,5,2,4,4,3,3,3,3,4
Catahoula Bulldog,1,1,2,3,1,5,4,3,2,1,1,1,5,4,3,4,2,3,4,5,3,3,5,5,5,4
Catahoula Leopard Dog,1,1,2,2,3,3,5,3,1,1,3,1,5,3,3,4,2,3,3,1,3,3,4,3,5,2
Caucasian Shepherd Dog,2,1,2,3,5,2,4,2,2,2,4,4,2,3,4,5,2,4,4,3,3,2,2,4,2,3
Cav-a-Jack,4,4,3,1,3,3,4,4,4,4,2,2,4,3,4,2,4,4,3,4,3,3,4,3,4,5
Cavachon,5,5,5,1,3,3,5,5,5,5,2,1,2,4,4,2,4,4,3,4,3,2,4,3,4,5
Cavador,3,5,4,2,3,3,5,5,4,3,3,2,4,4,4,3,4,4,2,3,3,3,4,3,4,5
Cavalier King Charles Spaniel,5,5,5,1,3,2,5,5,5,5,3,1,4,4,4,2,4,4,3,3,2,2,3,2,4,5
Cavapoo,3,3,3,2,4,3,5,5,4,4,2,1,3,3,4,2,4,4,3,3,2,3,3,2,3,5
Central Asian Shepherd Dog,1,1,4,2,5,2,3,3,4,2,4,5,5,5,3,4,2,5,2,1,3,2,3,3,4,2
Cesky Terrier,5,4,4,3,3,3,5,3,2,3,1,1,4,5,4,2,4,3,3,2,3,3,2,3,3,5
Chabrador,4,2,4,3,4,1,4,4,2,2,4,3,4,4,3,3,2,4,4,4,3,3,3,4,3,4
Cheagle,4,4,4,1,1,2,5,3,3,2,3,1,5,3,4,2,2,4,3,4,4,3,4,4,3,4
Chesapeake Bay Retriever,1,1,3,2,4,4,5,3,1,1,5,3,5,4,4,3,3,4,3,3,3,4,5,5,5,4
Chi Chi,4,2,4,2,2,3,3,3,2,3,2,1,4,4,4,2,3,4,3,3,4,2,4,4,3,4
Chi-Poo,5,5,5,4,2,3,5,5,3,3,2,1,3,2,3,2,5,5,3,3,3,3,3,2,2,4
Chigi,3,4,5,2,3,2,5,5,2,2,4,1,5,3,3,1,4,4,2,3,2,3,4,4,4,4
Chihuahua,5,4,5,1,1,2,5,5,2,2,2,1,5,2,3,1,4,4,3,3,3,2,3,2,1,4
Chilier,4,2,4,2,2,2,4,4,4,3,2,3,4,4,3,2,2,4,3,3,3,2,4,4,3,4
Chinese Crested,5,3,5,1,1,3,4,5,4,4,2,1,2,5,2,2,4,3,4,3,3,1,2,1,2,3
Chinese Shar-Pei,4,2,2,4,2,1,2,2,1,2,2,2,5,1,4,3,3,2,5,2,5,2,2,1,3,1
Chinook,4,1,5,1,5,4,5,5,5,4,5,1,2,4,3,4,4,5,3,2,2,2,3,3,3,4
Chion,4,3,3,2,2,3,5,3,3,2,2,2,3,4,4,2,3,3,4,3,4,1,4,3,2,4
Chipin,5,4,5,1,1,2,5,4,2,2,2,1,5,3,4,1,4,3,2,3,2,3,4,3,2,5
Chiweenie,5,3,4,2,1,4,4,2,3,2,1,1,5,3,4,1,2,4,2,3,5,2,4,2,4,5
Chorkie,5,5,5,1,1,2,4,3,3,2,2,1,3,3,2,1,3,3,2,2,4,2,4,3,3,5
Chow Chow,3,2,2,5,5,2,2,1,1,1,1,3,1,2,4,4,2,1,5,2,1,2,2,2,2,1
Chow Shepherd,3,2,4,2,5,4,3,3,2,2,5,2,1,3,2,4,3,3,3,3,2,3,5,4,5,4
Chug,5,3,3,3,2,3,5,4,3,3,4,2,4,4,4,1,3,3,3,2,2,2,4,3,3,4
Chusky,2,2,3,3,5,2,4,4,3,3,5,2,2,3,3,3,3,4,3,3,4,2,4,3,4,4
Cirneco dell’Etna,4,3,3,3,3,3,5,5,4,3,2,1,4,5,2,3,3,3,2,4,3,1,4,2,3,4
Clumber Spaniel,5,5,4,2,5,2,5,3,4,3,5,5,1,2,5,3,4,3,5,5,1,4,3,1,2,5
Cockalier,4,4,4,2,2,2,5,5,4,3,2,1,4,4,3,2,4,4,2,3,2,2,4,2,4,5
Cockapoo,4,5,4,3,4,4,5,4,5,4,1,1,3,2,3,2,4,4,2,3,2,3,3,3,3,5
Cocker Spaniel,5,3,5,1,4,3,5,3,4,3,3,1,1,4,4,2,5,4,4,5,3,4,4,2,3,4
Collie,3,4,5,2,4,3,5,5,4,4,5,1,2,3,3,3,4,4,3,4,4,1,3,2,3,4
Corgi Inu,4,3,3,3,4,2,3,3,3,2,5,2,2,3,3,2,4,4,3,3,3,2,4,3,4,4
Corgidor,3,2,4,3,3,3,5,4,3,4,5,2,4,4,4,3,4,5,3,3,2,3,5,3,4,5
Corman Shepherd,2,2,3,3,4,3,4,4,4,3,5,2,3,3,4,3,4,5,3,3,3,2,4,3,4,4
Coton de Tulear,5,4,5,1,3,3,5,5,5,5,1,1,2,5,3,1,3,4,3,1,2,3,3,2,3,5
Croatian Sheepdog,3,2,3,3,4,2,4,3,2,2,5,3,2,4,3,3,3,4,4,3,4,3,4,4,4,4
Curly-Coated Retriever,1,3,3,3,4,4,5,5,4,3,3,2,3,2,3,3,4,5,5,5,3,4,5,3,4,5
Dachsador,4,2,3,2,3,3,4,4,3,4,2,1,4,4,4,2,3,4,2,4,2,4,4,3,4,4
Dachshund,5,4,4,3,1,3,4,5,3,1,3,1,3,2,5,1,2,4,4,5,5,5,3,3,3,4
Dalmatian,2,3,4,3,3,4,5,4,4,3,5,1,5,4,4,3,4,4,2,2,2,4,5,4,5,4
Dandie Dinmont Terrier,4,4,3,2,3,3,5,4,3,3,3,1,2,3,4,1,2,3,3,4,2,3,3,3,2,4
Daniff,2,2,3,1,4,3,5,4,4,3,2,4,1,3,3,5,4,4,2,2,1,2,3,4,4,4
Dogo Argentino,1,1,3,2,2,4,4,2,2,2,1,3,4,3,2,4,2,3,2,5,2,4,4,4,4,3
Dogue de Bordeaux,5,1,4,2,3,2,5,5,1,1,3,5,5,2,4,4,2,3,4,4,2,1,2,2,5,3
Dorgi,4,4,3,1,4,3,4,4,4,3,2,2,4,4,4,2,3,4,4,3,3,3,4,4,4,5
Dorkie,5,4,4,2,2,2,4,4,4,4,3,1,2,2,2,1,3,4,2,3,2,2,2,2,2,3
Doxle,2,4,4,1,2,4,5,4,5,4,5,1,4,4,4,2,3,4,3,5,5,5,5,4,5,5
Drentsche Patrijshond,3,2,4,3,4,3,5,4,4,3,4,3,3,4,2,3,2,4,3,4,2,1,5,3,4,4
Drever,4,3,2,2,2,3,5,5,4,3,3,2,3,5,3,3,3,4,4,3,4,2,5,3,4,4
Dutch Shepherd,3,3,3,2,4,4,4,4,4,2,4,2,3,4,2,3,5,4,2,3,2,2,4,3,4,4
English Cocker Spaniel,5,4,5,1,4,3,5,5,5,5,3,1,3,4,5,2,4,5,3,5,4,4,5,3,4,5
English Foxhound,1,2,3,4,3,3,4,4,5,3,3,1,5,4,2,3,3,3,4,5,4,5,5,4,5,5
English Setter,1,3,4,1,4,3,5,5,5,5,3,2,3,3,5,3,3,5,4,5,4,5,4,2,5,5
English Springer Spaniel,1,3,4,1,3,4,5,5,5,4,3,1,2,3,3,3,5,5,3,5,3,4,5,3,5,5
English Toy Spaniel,4,4,4,1,2,2,5,1,4,4,5,2,4,2,3,2,3,3,4,4,3,2,3,3,2,4
Entlebucher Mountain Dog,1,2,4,3,4,2,5,5,3,2,3,1,5,3,3,3,3,4,4,4,5,3,5,4,5,5
Estrela Mountain Dog,1,3,2,3,4,3,5,5,3,2,4,3,2,4,3,4,4,5,2,1,3,1,3,3,3,3
Eurasier,4,3,2,1,4,3,3,5,4,2,4,3,3,4,2,4,4,4,2,1,2,1,3,2,3,3
Field Spaniel,1,3,4,1,3,4,5,5,4,4,3,1,4,3,4,2,5,5,3,4,2,5,5,3,5,5
Fila Brasileiro,1,1,3,3,2,3,3,3,2,1,2,3,4,3,4,5,2,4,3,5,3,3,4,4,4,2
Finnish Lapphund,4,4,4,2,5,2,5,5,5,4,3,1,4,4,4,3,5,5,4,4,3,4,5,5,4,5
Finnish Spitz,3,3,3,1,5,3,5,5,5,3,4,1,2,4,3,3,3,4,3,3,5,4,5,4,5,5
Flat-Coated Retriever,1,2,5,1,4,4,5,5,5,5,3,2,4,4,4,3,4,5,3,3,4,4,5,4,5,5
Fox Terrier,3,3,3,3,3,4,4,4,3,3,2,1,2,4,2,2,5,5,3,5,3,3,5,5,5,5
French Bulldog,5,5,3,1,2,1,5,4,4,4,3,1,5,2,4,2,4,3,3,2,3,2,3,4,2,5
French Bullhuahua,4,3,3,2,2,4,4,3,2,3,3,2,4,4,5,1,3,3,4,3,4,2,3,3,3,4
French Spaniel,2,4,4,3,4,2,5,4,4,4,3,2,3,4,2,3,4,4,2,3,2,2,5,3,4,4
Frenchton,5,5,3,2,3,3,5,5,5,5,4,3,5,4,2,2,4,4,2,2,3,3,3,3,3,5
Frengle,4,4,4,3,2,2,5,5,4,4,3,1,5,4,4,3,3,4,3,3,2,3,4,3,4,5
German Longhaired Pointer,2,2,3,3,3,2,5,4,4,4,2,3,5,4,4,4,4,4,2,3,3,4,5,3,5,3
German Pinscher,3,3,4,3,3,4,5,3,2,2,3,1,5,4,3,3,4,5,3,5,3,4,5,3,5,5
German Shepherd Dog,3,2,5,2,4,3,5,5,2,4,5,1,5,4,2,4,5,5,5,4,4,2,5,5,5,5
German Shepherd Pit Bull,1,1,4,1,3,3,5,5,4,4,5,1,5,4,4,4,5,5,5,4,4,3,5,5,5,5
German Shepherd Rottweiler Mix,3,4,3,3,4,2,4,4,3,3,5,3,3,3,4,4,3,4,3,3,3,2,4,3,4,4
German Sheprador,2,1,5,2,4,4,5,5,4,4,5,2,5,3,3,4,5,5,5,3,2,2,5,5,5,5
German Shorthaired Pointer,1,2,4,1,2,4,5,5,4,3,2,2,5,3,3,3,5,5,4,5,3,5,5,3,5,5
German Spitz,4,2,3,3,3,2,5,4,3,3,4,1,2,4,4,1,2,4,4,5,4,2,5,3,4,4
German Wirehaired Pointer,2,3,4,2,3,4,5,3,3,2,2,2,4,4,3,4,4,5,4,4,3,5,5,4,5,5
Giant Schnauzer,1,1,4,2,4,2,5,3,3,2,4,1,2,4,3,4,5,4,3,4,4,4,5,2,5,5
Glen of Imaal Terrier,4,2,3,3,3,4,5,5,2,3,1,1,5,5,3,1,4,4,3,5,4,3,4,5,4,4
Goberian,1,2,3,2,5,2,4,4,4,2,2,1,5,4,4,4,2,5,3,4,2,4,5,4,5,4
Goldador,2,4,3,4,5,4,5,5,5,5,3,2,4,4,3,4,4,5,2,1,1,4,5,5,5,5
Golden Cocker Retriever,1,4,4,1,2,4,5,4,4,3,4,1,4,4,4,3,4,4,2,2,3,4,5,2,4,5
Golden Mountain Dog,1,2,2,2,5,1,5,5,4,3,4,4,2,3,4,5,4,4,2,2,3,4,4,2,5,5
Golden Retriever,2,3,5,1,3,3,5,5,5,5,5,4,2,2,5,3,5,5,5,3,3,2,5,2,5,5
Golden Retriever Corgi,3,4,3,3,3,3,5,5,4,4,4,3,3,3,4,3,4,4,3,2,3,2,4,3,3,5
Golden Shepherd,2,2,5,1,5,4,5,5,3,5,5,2,2,3,3,5,5,5,5,3,3,2,5,3,5,5
Goldendoodle,1,4,4,3,3,3,5,5,5,4,2,1,4,3,3,4,4,5,1,1,3,3,4,3,5,5
Gollie,1,4,3,2,3,3,5,5,4,4,4,2,3,3,4,3,4,4,2,2,2,4,5,3,4,5
Gordon Setter,2,3,4,1,4,3,5,3,2,3,5,3,2,4,3,3,5,5,3,4,5,4,5,2,5,5
Great Dane,1,1,5,1,2,3,5,5,5,5,5,4,5,4,2,5,5,3,2,3,4,3,5,5,5,5
Great Pyrenees,1,1,4,3,5,3,5,4,4,3,5,2,4,2,4,5,1,4,2,5,5,5,5,5,5,4
Greater Swiss Mountain Dog,1,2,4,3,5,1,5,5,5,3,3,1,5,2,4,5,3,3,3,4,4,3,5,4,3,5
Greyador,3,2,5,1,1,3,5,5,5,5,5,4,5,4,5,4,3,5,5,4,4,4,4,4,4,4
Greyhound,4,2,5,1,1,5,5,5,4,5,4,5,5,4,5,4,5,5,4,5,2,5,5,3,5,4
Hamiltonstovare,3,2,4,3,3,3,5,4,3,3,1,1,4,4,3,3,3,4,2,5,3,2,5,3,4,4
Hanoverian Scenthound,2,1,4,3,3,3,5,5,4,3,2,1,4,4,3,4,2,4,2,4,3,2,4,3,4,4
Harrier,1,3,2,3,3,4,4,5,5,5,3,1,5,5,3,3,2,4,3,4,4,5,5,4,5,5
Havanese,5,5,4,1,3,4,5,4,5,5,2,1,1,3,4,2,5,4,3,4,2,2,3,2,3,5
Havapoo,5,5,4,1,3,4,5,4,4,4,1,1,1,3,4,2,5,5,3,3,2,3,3,2,3,5
Hokkaido,3,2,2,3,5,2,4,4,3,3,4,2,1,5,3,3,3,4,3,4,3,3,3,2,3,3
Horgi,2,2,4,2,4,3,5,5,4,5,4,2,3,3,3,2,4,4,4,4,3,3,4,3,4,4
Hovawart,1,2,3,2,4,3,4,4,2,2,3,1,4,4,3,4,2,4,2,2,2,2,4,4,4,4
Huskita,2,1,4,1,5,3,5,2,2,3,4,3,1,4,3,4,2,3,3,4,5,5,4,4,5,5
Huskydoodle,2,2,3,2,4,3,4,4,4,3,3,2,3,4,4,3,3,5,3,4,2,2,5,4,5,4
Ibizan Hound,5,3,4,2,1,4,5,5,5,4,3,1,5,4,1,3,3,4,3,5,2,5,5,3,5,5
Icelandic Sheepdog,1,1,3,2,5,3,4,4,2,2,5,1,1,3,3,3,3,4,3,4,1,4,4,5,4,4
Irish Red And White Setter,1,3,4,1,4,3,5,4,4,4,3,1,3,2,2,3,4,4,4,3,3,4,5,5,5,5
Irish Setter,1,3,4,2,4,3,5,5,5,5,4,2,3,2,3,4,4,5,5,5,4,5,5,3,5,5
Irish Terrier,3,2,3,2,4,4,5,5,1,3,4,1,2,5,3,3,1,4,1,2,4,3,5,4,4,5
Irish Water Spaniel,3,2,4,3,4,4,5,5,4,5,1,2,3,2,3,3,5,4,3,5,4,3,5,3,5,4
Irish Wolfhound,1,2,3,2,4,2,5,5,5,5,3,1,3,1,3,5,3,4,3,5,1,3,2,2,4,4
Italian Greyhound,5,5,5,1,1,3,5,5,4,4,2,1,5,3,2,2,3,3,4,5,3,3,4,2,4,4
Jack-A-Poo,4,4,4,2,4,4,5,5,5,4,2,1,2,3,4,2,4,5,4,4,3,4,5,4,5,5
Jack Chi,4,2,3,3,2,4,4,5,4,3,2,2,5,4,4,2,2,4,2,4,2,4,4,4,4,5
Jack Russell Terrier,3,2,3,3,4,3,5,4,5,4,3,1,3,4,4,2,4,5,4,5,4,4,5,5,5,5
Jackshund,4,2,3,3,3,3,5,4,4,3,3,1,3,3,5,2,3,5,4,5,5,5,4,4,4,5
Japanese Chin,5,4,3,1,3,2,3,3,3,4,3,1,3,3,3,1,3,3,4,3,3,1,2,1,2,4
Japanese Spitz,4,4,3,2,4,3,4,5,4,2,3,1,4,3,2,2,4,4,2,2,4,2,3,2,3,4
Kai Ken,2,2,2,3,4,3,4,4,3,2,4,2,2,4,3,3,3,5,2,5,2,3,5,4,5,3
Karelian Bear Dog,2,1,4,2,5,3,4,3,1,2,3,1,4,4,2,3,2,4,4,5,4,5,4,5,4,4
Keeshond,4,4,5,1,5,3,5,5,4,4,5,1,3,3,4,3,4,4,3,3,4,2,4,3,3,5
Kerry Blue Terrier,3,2,3,3,4,3,4,4,2,5,1,1,2,3,3,3,4,4,4,3,4,3,4,4,5,4
King Shepherd,4,2,4,2,5,4,4,4,5,4,4,4,4,3,4,5,4,5,3,2,2,3,3,3,4,4
Kishu Ken,3,2,3,3,5,3,3,3,2,2,4,2,3,4,3,3,4,5,2,4,1,2,3,3,4,2
Komondor,2,1,4,1,4,3,5,3,1,1,3,2,2,2,3,4,4,4,3,2,5,4,2,1,4,4
Kooikerhondje,4,3,4,2,4,3,3,2,2,2,3,1,2,5,3,3,1,4,3,3,3,3,4,5,5,4
Kuvasz,1,1,5,1,5,2,5,1,2,1,4,3,4,4,4,5,2,4,1,1,3,3,4,4,5,4
Kyi-Leo,5,4,3,4,5,2,5,5,4,3,2,1,2,3,3,2,3,3,4,1,4,2,4,3,2,4
Lab Pointer,1,4,3,1,4,4,5,4,3,4,2,2,4,4,4,4,5,4,2,4,2,4,5,3,5,4
Labernese,2,4,4,1,4,2,4,5,4,3,4,3,3,2,4,4,3,4,3,3,2,4,4,2,4,5
Labmaraner,1,4,4,1,3,3,4,5,4,3,1,2,4,4,4,4,4,4,3,3,3,4,4,3,5,5
Labrabull,2,2,4,1,3,3,5,5,2,5,5,2,5,3,3,4,5,5,5,3,3,4,5,5,4,5
Labradane,1,2,3,2,4,4,5,5,4,3,2,3,4,4,4,5,3,4,2,3,1,3,4,2,4,5
Labradoodle,3,4,3,4,5,4,5,4,5,5,3,1,4,4,3,4,4,4,1,2,2,3,5,4,5,5
Labrador Retriever,1,3,5,2,3,3,5,5,5,5,5,3,5,3,5,4,5,5,5,2,4,3,5,5,5,5
Labrastaff,2,2,4,1,3,3,4,4,3,4,4,3,3,4,4,4,2,4,3,3,3,4,4,3,4,4
Labsky,2,2,2,2,5,1,5,4,3,3,4,2,2,3,4,4,4,5,3,4,4,4,5,4,5,5
Lagotto Romagnolo,2,4,3,3,4,3,3,3,3,3,1,2,1,4,3,2,4,4,2,4,3,3,4,2,4,4
Lakeland Terrier,4,3,3,2,4,4,5,4,3,3,2,1,2,5,3,2,2,4,1,4,4,3,5,4,4,4
Lancashire Heeler,2,2,3,3,3,3,4,3,3,2,3,1,4,4,4,1,3,4,2,2,2,4,4,4,3,4
Leonberger,1,1,4,2,5,1,5,4,3,2,5,3,4,1,4,5,2,3,4,4,3,2,4,4,4,4
Lhasa Apso,5,5,5,4,3,2,4,4,3,2,3,1,1,3,3,1,3,4,3,4,4,2,4,3,3,5
Lhasapoo,4,2,4,2,3,3,4,3,3,1,1,1,3,4,3,3,3,5,2,2,4,2,4,4,3,4
Lowchen,5,4,3,1,3,3,5,5,4,4,3,1,3,5,3,1,5,4,3,4,4,5,4,3,4,5
Maltese,5,5,4,1,1,3,5,3,4,2,2,1,2,3,3,1,4,4,3,4,4,1,3,3,2,4
Maltese Shih Tzu,5,5,3,3,2,2,4,3,3,3,1,1,2,2,3,1,4,3,4,5,4,1,3,2,3,3
Maltipoo,5,5,5,1,2,3,5,4,4,4,1,1,3,2,2,2,5,4,3,2,5,4,3,3,2,4
Manchester Terrier,5,3,3,3,1,3,4,3,3,3,3,1,5,2,4,2,2,4,2,4,4,4,4,4,4,4
Maremma Sheepdog,1,1,4,2,4,2,4,4,4,1,5,3,2,5,5,4,1,5,2,1,2,2,4,4,4,2
Mastador,1,2,4,3,4,2,5,5,3,3,4,4,4,4,4,4,4,4,4,2,2,2,4,4,4,4
Mastiff,2,1,3,3,4,1,5,5,2,2,3,5,3,3,4,5,3,2,4,2,2,1,3,3,4,4
Miniature Pinscher,5,3,5,2,1,3,5,3,2,3,2,1,5,3,5,1,3,3,2,3,5,5,4,3,4,5
Miniature Schnauzer,4,3,4,5,4,4,5,3,3,3,2,1,2,3,4,2,5,4,2,4,3,3,5,3,5,4
Morkie,3,2,3,2,2,3,4,3,2,3,1,1,3,4,4,1,3,4,5,3,5,2,4,3,4,5
Mountain Cur,1,1,3,2,4,4,4,4,3,2,2,1,4,5,1,4,2,4,2,5,3,4,4,4,5,4
Mountain Feist,2,1,4,3,4,3,5,3,3,2,3,4,5,4,1,2,3,3,4,5,4,4,4,4,4,5
Mudi,2,4,4,2,3,3,4,2,2,2,3,1,4,4,2,2,5,4,3,4,4,4,4,2,4,4
Mutt (Mixed),3,3,3,3,3,3,4,3,3,3,3,3,3,4,3,3,4,4,3,3,3,3,3,3,3,3
Neapolitan Mastiff,2,1,4,1,1,2,5,4,2,1,3,5,3,2,5,5,3,3,2,1,1,1,3,1,3,4
Newfoundland,1,3,4,1,5,2,5,5,4,4,5,5,2,1,4,5,5,4,3,4,4,3,3,1,3,4
Norfolk Terrier,4,5,4,3,4,4,5,4,5,4,1,1,4,5,5,1,5,4,2,1,3,4,4,4,4,5
Northern Inuit Dog,1,1,4,1,5,3,5,4,3,5,5,1,2,4,2,4,2,4,4,4,5,5,5,4,5,5
Norwegian Buhund,3,3,3,4,5,2,5,5,3,3,3,1,2,4,3,3,4,3,3,2,4,4,4,4,5,5
Norwegian Elkhound,4,4,4,2,5,3,5,4,4,4,5,1,3,4,4,3,2,4,3,4,4,4,5,3,5,4
Norwegian Lundehund,1,1,3,2,5,3,5,5,5,5,5,1,4,3,3,3,4,5,3,2,1,5,4,4,5,5
Norwich Terrier,5,3,4,2,4,4,5,5,5,5,2,1,2,4,5,1,4,4,4,3,4,4,5,4,4,5
Nova Scotia Duck Tolling Retriever,5,3,3,2,4,4,5,5,4,4,3,1,5,4,4,3,4,5,4,5,4,3,5,3,5,5
Old English Sheepdog,5,4,4,2,4,2,5,4,4,4,1,4,1,4,4,4,3,4,2,3,1,2,4,3,4,4
Otterhound,1,4,2,5,4,3,5,5,5,4,4,1,2,4,3,4,2,4,3,5,2,5,5,4,5,5
Papillon,5,5,3,1,2,4,5,3,4,5,2,1,3,3,3,1,5,4,3,4,2,1,4,3,5,5
Papipoo,5,5,4,1,2,4,5,3,4,4,1,1,2,3,3,1,5,5,3,3,2,2,5,3,5,5
Patterdale Terrier,1,2,4,1,4,4,4,4,4,4,2,1,4,4,3,2,3,5,4,5,2,4,4,4,4,4
Peekapoo,5,5,4,2,3,2,5,4,4,3,2,1,2,3,4,1,3,4,4,3,4,1,3,2,3,4
Pekingese,5,4,2,3,4,1,5,2,2,2,4,1,1,2,3,1,3,4,3,5,4,3,2,1,2,3
Pembroke Welsh Corgi,4,4,4,3,4,3,5,4,3,5,5,1,4,3,4,2,5,5,2,3,5,2,4,3,4,4
Petit Basset Griffon Vendéen,4,3,3,3,4,3,5,5,5,5,4,1,2,3,4,2,1,4,3,5,5,5,5,4,5,5
Pharaoh Hound,4,4,5,2,1,5,5,5,5,4,2,1,4,5,3,3,3,4,4,5,4,4,2,3,4,4
Pitsky,2,1,4,1,3,3,5,5,3,5,4,2,3,4,2,3,3,3,4,3,4,4,4,4,5,5
Plott,1,1,4,2,2,4,4,3,5,3,2,1,5,5,3,3,4,3,3,5,1,5,4,4,5,3
Pocket Beagle,4,3,4,2,2,4,5,5,5,4,3,1,5,3,5,2,3,4,4,3,5,5,4,4,4,4
Pointer,1,1,3,1,2,4,5,5,5,5,3,1,5,3,3,3,5,5,5,5,3,5,5,5,5,5
Polish Lowland Sheepdog,4,2,4,3,4,4,5,4,3,3,1,1,1,4,3,3,4,4,3,3,2,3,4,3,4,4
Pomapoo,5,5,4,1,3,2,5,3,3,3,3,1,1,3,4,1,4,4,3,2,3,1,3,3,3,4
Pomchi,4,3,3,3,2,4,4,3,3,3,3,1,2,5,4,1,3,4,4,3,4,3,3,4,3,4
Pomeagle,4,4,4,1,3,2,5,3,3,3,4,1,2,3,4,1,3,2,3,3,5,4,4,3,3,4
Pomeranian,4,4,4,1,4,2,5,2,2,3,4,1,2,3,4,1,4,4,2,2,5,1,3,2,2,3
Pomsky,5,2,4,1,5,3,5,2,3,3,4,1,2,3,3,2,3,4,3,4,5,2,4,2,3,4
Poochon,5,5,5,1,3,4,5,5,4,4,1,1,1,3,4,2,5,4,3,3,2,2,4,3,4,5
Poodle,5,5,4,1,3,4,5,5,4,4,1,1,1,2,4,4,5,5,4,2,2,3,4,3,4,5
Portuguese Podengo Pequeno,5,4,3,3,2,3,4,4,4,4,3,1,4,4,2,1,4,3,3,4,4,3,5,3,3,3
Portuguese Pointer,1,1,4,1,3,3,4,4,2,4,1,3,4,4,4,3,4,4,3,4,2,3,4,5,4,4
Portuguese Sheepdog,2,2,4,2,4,3,4,4,4,2,2,1,4,5,4,4,3,5,3,2,4,2,4,3,4,3
Portuguese Water Dog,4,3,4,2,4,3,5,5,5,3,1,1,2,4,3,3,4,5,5,3,3,3,5,3,5,5
Pudelpointer,2,3,1,2,3,3,4,3,3,3,3,2,3,4,3,4,4,4,3,4,2,4,4,3,5,3
Pug,5,5,3,1,2,1,5,4,4,4,5,1,5,1,5,2,3,2,2,3,2,2,3,4,3,5
Pugalier,5,5,5,2,2,2,5,5,5,5,4,1,4,3,5,2,4,3,3,3,3,2,3,3,3,5
Puggle,4,5,3,3,3,3,3,5,5,5,3,1,5,4,5,2,2,3,3,2,4,5,3,2,3,3
Puli,4,1,4,2,4,3,5,5,5,2,1,1,1,5,3,3,2,4,3,4,4,5,5,5,5,5
Pyredoodle,3,4,3,3,4,3,5,4,4,3,2,2,3,4,3,4,3,5,3,2,3,5,4,3,4,5
Pyrenean Mastiff,2,2,4,4,4,3,4,4,4,1,3,5,3,4,2,5,3,4,2,2,3,1,4,4,3,3
Pyrenean Shepherd,5,2,4,1,4,3,5,5,2,2,3,1,3,2,3,2,2,4,3,4,5,2,4,5,5,5
Rat Terrier,5,3,4,3,1,4,4,5,3,4,4,1,5,4,3,1,5,4,2,4,4,4,5,4,4,5
Redbone Coonhound,4,2,5,2,3,2,5,5,4,3,2,4,5,3,3,3,3,4,4,4,4,5,4,4,5,5
Rhodesian Ridgeback,1,2,4,2,3,3,5,4,4,3,4,1,5,4,3,4,2,4,3,5,1,5,4,4,5,5
Rottador,3,2,5,1,4,3,5,4,3,3,4,4,5,2,5,4,4,5,4,3,4,3,5,5,5,5
Rottle,4,3,3,3,3,3,5,4,3,3,2,2,4,4,3,3,5,5,3,3,2,2,4,3,4,5
Rottweiler,2,1,4,1,2,3,5,4,2,4,4,4,5,2,5,3,4,5,3,4,4,2,4,4,4,5
Saint Berdoodle,2,5,3,2,4,3,5,5,5,4,3,1,4,4,3,4,4,4,3,3,3,3,3,3,3,3
Saint Bernard,3,2,4,1,5,1,5,5,5,5,4,5,2,2,4,5,2,4,3,1,1,2,3,2,2,4
Saluki,1,2,5,1,2,3,5,4,4,1,2,1,4,4,1,4,4,4,4,5,1,5,5,2,5,5
Samoyed,2,2,4,2,5,1,5,5,5,5,5,2,1,3,4,3,3,3,3,5,3,4,5,2,5,5
Samusky,2,3,3,2,5,3,4,5,4,4,4,2,2,3,4,4,3,5,3,3,2,4,5,3,4,5
Schipperke,4,2,4,3,3,2,4,5,2,2,3,1,5,4,5,1,2,4,3,2,4,5,5,3,5,5
Schnoodle,3,5,4,2,2,4,4,5,3,3,2,1,4,3,4,4,4,5,3,3,2,3,4,3,4,4
Scottish Deerhound,1,1,3,2,4,4,5,4,2,5,5,1,2,3,4,5,2,3,4,5,1,4,5,5,5,5
Scottish Terrier,4,2,4,3,4,3,5,4,4,4,2,1,2,4,3,2,1,4,3,3,4,5,4,4,4,4
Sealyham Terrier,4,4,4,2,4,3,4,4,4,3,4,3,1,5,3,2,3,4,2,2,4,3,4,2,4,4
Sheepadoodle,4,4,5,2,4,3,5,5,4,4,1,1,3,4,4,4,3,5,3,1,2,2,4,3,4,5
Shepsky,1,1,4,2,4,3,5,4,3,4,4,2,3,4,2,4,4,5,4,4,3,2,5,4,5,5
Shetland Sheepdog,2,3,5,2,4,3,5,5,4,5,5,1,2,4,3,2,5,5,1,3,4,2,4,2,4,4
Shiba Inu,5,4,3,5,4,3,4,3,3,3,4,1,4,3,2,2,2,4,4,3,4,4,4,2,3,3
Shichon,5,4,4,1,2,2,5,5,4,4,1,1,4,4,3,2,3,4,1,1,2,1,4,2,3,5
Shih-Poo,5,2,4,2,3,2,5,3,2,4,1,1,2,3,4,1,2,4,3,2,2,2,3,1,2,4
Shih Tzu,5,5,3,3,3,1,5,4,4,5,3,1,1,3,4,1,3,4,4,4,2,2,2,3,2,4
Shikoku,3,2,3,3,5,4,4,3,2,2,4,1,4,5,4,3,2,4,2,4,2,3,3,3,3,2
Shiloh Shepherd,1,2,4,2,5,4,5,5,4,5,4,3,4,3,4,5,5,5,4,1,4,3,4,4,4,5
Shiranian,4,4,4,2,2,1,5,3,3,4,2,2,2,2,3,2,2,4,1,1,2,2,2,3,2,4
Shollie,1,2,3,2,4,4,4,4,3,2,4,2,3,3,4,4,4,4,3,3,3,4,5,4,4,4
Shorkie,5,3,3,1,2,2,4,3,2,3,2,1,4,2,3,1,2,3,2,4,4,3,4,3,2,5
Siberian Husky,2,1,4,1,5,3,5,5,5,5,4,3,2,4,2,3,2,3,4,3,5,5,5,3,5,5
Silken Windhound,4,4,4,2,4,4,5,4,3,4,2,2,4,4,2,3,5,4,3,5,1,4,4,2,4,5
Silky Terrier,5,3,3,3,1,4,4,3,2,3,2,1,4,4,3,1,4,4,2,5,4,3,4,4,3,4
Skye Terrier,4,4,3,2,4,4,4,4,2,5,3,1,3,5,3,2,2,4,3,4,4,4,3,4,3,4
Sloughi,4,2,4,3,2,3,5,5,4,3,3,1,5,3,2,4,3,4,3,5,2,3,5,3,5,3
Small Munsterlander Pointer,1,2,3,4,5,3,5,5,5,4,3,1,3,5,3,3,5,5,3,5,3,4,4,5,5,4
Soft Coated Wheaten Terrier,5,4,4,2,2,3,5,5,5,5,2,1,3,4,3,3,4,4,2,3,3,4,4,3,4,5
Spanish Mastiff,2,1,3,3,4,3,4,4,2,2,3,2,3,4,3,5,2,4,2,1,1,2,3,2,3,4
Spinone Italiano,4,4,5,2,4,3,5,5,5,5,3,4,2,3,2,4,4,4,2,4,2,2,4,2,4,4
Springador,2,3,4,1,4,4,4,3,3,3,1,2,4,4,4,4,5,5,2,4,3,4,4,3,4,4
Stabyhoun,2,3,4,3,2,2,5,5,4,3,3,1,3,5,3,3,5,5,1,4,3,3,3,4,4,5
Staffordshire Bull Terrier,3,1,4,2,3,1,5,5,1,5,3,3,5,3,4,2,2,3,2,2,3,4,3,3,4,5
Staffy Bull Bullmastiff,4,1,3,2,3,1,5,4,1,1,3,2,4,3,2,4,1,3,3,2,1,2,1,4,1,3
Standard Schnauzer,4,2,4,2,4,4,4,4,3,2,1,1,2,5,1,3,3,5,3,5,2,5,5,3,5,5
Sussex Spaniel,5,5,5,1,5,5,5,5,5,5,3,1,4,4,5,2,3,5,2,1,4,1,2,1,2,4
Swedish Lapphund,2,2,4,2,5,2,4,4,4,4,4,2,2,3,2,3,4,5,4,2,4,2,3,4,3,4
Swedish Vallhund,3,1,3,3,4,3,5,4,3,5,4,1,5,4,4,3,5,5,2,4,1,3,5,3,5,5
Taiwan Dog,3,2,3,2,4,4,4,3,4,2,3,3,4,4,3,3,4,4,3,4,3,4,4,3,4,4
Terripoo,5,5,2,1,3,4,5,4,3,3,1,1,3,3,3,1,4,5,2,4,3,3,5,3,4,5
Texas Heeler,2,3,3,3,4,3,4,3,3,3,4,2,3,3,5,3,3,5,4,3,2,4,5,3,5,4
Thai Ridgeback,2,2,2,2,4,3,3,2,3,3,3,2,4,4,3,3,2,4,2,4,2,4,4,4,4,3
Tibetan Mastiff,1,1,5,1,5,2,5,5,5,2,2,2,4,3,4,5,1,5,5,3,2,3,4,2,2,5
Tibetan Spaniel,5,4,5,1,1,2,5,5,4,3,3,1,4,5,3,1,4,4,3,3,4,3,3,3,4,4
Tibetan Terrier,5,3,4,1,4,4,5,5,4,3,1,1,1,5,3,2,4,4,2,2,4,3,5,4,5,5
Toy Fox Terrier,5,3,4,1,2,3,5,4,3,3,4,1,5,5,2,1,3,4,2,5,4,4,5,4,5,5
Transylvanian Hound,3,2,2,3,3,3,4,3,3,2,3,3,4,4,3,3,2,4,3,4,3,4,4,4,5,4
Treeing Tennessee Brindle,1,2,3,2,3,3,4,4,4,3,4,3,5,4,3,3,3,4,3,4,1,1,4,4,5,3
Treeing Walker Coonhound,1,2,5,2,3,3,4,4,3,3,3,2,5,4,3,4,2,4,3,4,5,5,4,4,5,3
Valley Bulldog,4,3,4,2,1,1,5,4,3,4,4,3,5,3,4,4,3,3,2,3,4,1,4,4,4,4
Vizsla,1,3,5,1,1,4,5,5,5,5,2,1,5,4,2,3,5,4,4,2,5,5,5,4,5,5
Weimaraner,1,2,5,1,3,4,5,4,3,3,4,4,5,3,2,4,4,5,5,5,2,5,5,5,5,5
Welsh Springer Spaniel,4,4,5,1,4,4,5,5,4,3,3,1,4,4,4,3,5,5,3,3,5,5,5,4,5,4
Welsh Terrier,3,3,3,2,2,2,4,5,5,4,2,1,2,5,3,2,3,5,2,5,4,4,5,5,5,5
West Highland White Terrier,4,4,4,2,4,3,5,4,5,3,4,1,3,3,4,2,4,4,2,4,4,3,4,4,4,4
Westiepoo,3,4,4,1,3,3,4,4,4,4,1,1,5,4,4,2,4,4,3,4,3,3,4,4,4,5
Whippet,5,3,5,2,1,4,5,5,4,4,2,1,5,4,1,3,4,4,4,5,1,4,5,2,5,5
Whoodle,4,1,3,1,4,2,4,4,3,4,2,1,3,4,2,3,2,4,1,2,1,3,4,4,4,4
Wirehaired Pointing Griffon,1,3,4,1,4,3,5,5,4,5,1,1,3,4,3,3,5,5,3,4,4,4,5,3,4,5
Xoloitzcuintli,5,1,5,1,3,3,5,3,2,1,1,1,5,5,3,3,3,5,3,5,5,5,3,3,3,3
Yakutian Laika,1,3,3,1,5,3,5,4,4,4,4,2,3,4,3,3,4,4,2,3,4,3,4,3,5,4
Yorkipoo,5,5,4,3,2,3,5,4,3,2,1,1,4,3,2,1,4,4,3,3,5,2,5,3,3,4
Yorkshire Terrier,5,4,5,2,2,2,4,2,3,2,2,1,2,4,2,1,3,3,2,2,3,3,5,4,4,5
