,Name,Adapts Well To Apartment Living,Good For Novice Owners,Sensitivity Level,Tolerates Being Alone,Tolerates Cold Weather,Tolerates Hot Weather,Affectionate With Family,Kid-Friendly,Dog Friendly,Friendly Toward Strangers,Amount Of Shedding,Drooling Potential,Easy To Groom,General Health,Potential For Weight Gain,Size,Easy To Train,Intelligence,Potential For Mouthiness,Prey Drive,Tendency To Bark Or Howl,Wanderlust Potential,Energy Level,Intensity,Exercise Needs,Potential For Playfulness,Behaviour,b_physical,g_physical,Groups
190,Goldador,2,4,3,4,5,4,5,5,5,5,3,2,4,4,3,4,4,5,2,1,1,4,5,5,5,5,4.0,3.0,4.0,0
262,Miniature Schnauzer,4,3,4,5,4,4,5,3,3,3,2,1,2,3,4,2,5,4,2,4,3,3,5,3,5,4,4.0,2.0,4.0,1
241,Labrabull,2,2,4,1,3,3,5,5,2,5,5,2,5,3,3,4,5,5,5,3,3,4,5,5,4,5,4.0,3.0,4.0,0
308,Pyredoodle,3,4,3,3,4,3,5,4,4,3,2,2,3,4,3,4,3,5,3,2,3,5,4,3,4,5,4.0,2.0,4.0,0
307,Puli,4,1,4,2,4,3,5,5,5,2,1,1,1,5,3,3,2,4,3,4,4,5,5,5,5,5,4.0,2.0,4.0,0
306,Puggle,4,5,3,3,3,3,3,5,5,5,3,1,5,4,5,2,2,3,3,2,4,5,3,2,3,3,4.0,3.0,3.0,1
305,Pugalier,5,5,5,2,2,2,5,5,5,5,4,1,4,3,5,2,4,3,3,3,3,2,3,3,3,5,4.0,3.0,3.0,1
125,Chinook,4,1,5,1,5,4,5,5,5,4,5,1,2,4,3,4,4,5,3,2,2,2,3,3,3,4,4.0,3.0,4.0,0
304,Pug,5,5,3,1,2,1,5,4,4,4,5,1,5,1,5,2,3,2,2,3,2,2,3,4,3,5,4.0,4.0,2.0,1
206,Harrier,1,3,2,3,3,4,4,5,5,5,3,1,5,5,3,3,2,4,3,4,4,5,5,4,5,5,4.0,2.0,4.0,0
302,Portuguese Water Dog,4,3,4,2,4,3,5,5,5,3,1,1,2,4,3,3,4,5,5,3,3,3,5,3,5,5,4.0,2.0,4.0,0
299,Portuguese Podengo Pequeno,5,4,3,3,2,3,4,4,4,4,3,1,4,4,2,1,4,3,3,4,4,3,5,3,3,3,4.0,2.0,3.0,1
327,Sheepadoodle,4,4,5,2,4,3,5,5,4,4,1,1,3,4,4,4,3,5,3,1,2,2,4,3,4,5,4.0,2.0,4.0,1
298,Poodle,5,5,4,1,3,4,5,5,4,4,1,1,1,2,4,4,5,5,4,2,2,3,4,3,4,5,4.0,2.0,4.0,1
297,Poochon,5,5,5,1,3,4,5,5,4,4,1,1,1,3,4,2,5,4,3,3,2,2,4,3,4,5,4.0,2.0,3.0,1
203,Greyhound,4,2,5,1,1,5,5,5,4,5,4,5,5,4,5,4,5,5,4,5,2,5,5,3,5,4,4.0,5.0,4.0,0
135,Clumber Spaniel,5,5,4,2,5,2,5,3,4,3,5,5,1,2,5,3,4,3,5,5,1,4,3,1,2,5,4.0,5.0,2.0,1
136,Cockalier,4,4,4,2,2,2,5,5,4,3,2,1,4,4,3,2,4,4,2,3,2,2,4,2,4,5,4.0,2.0,4.0,1
137,Cockapoo,4,5,4,3,4,4,5,4,5,4,1,1,3,2,3,2,4,4,2,3,2,3,3,3,3,5,4.0,2.0,2.0,1
138,Cocker Spaniel,5,3,5,1,4,3,5,3,4,3,3,1,1,4,4,2,5,4,4,5,3,4,4,2,3,4,4.0,3.0,3.0,1
139,Collie,3,4,5,2,4,3,5,5,4,4,5,1,2,3,3,3,4,4,3,4,4,1,3,2,3,4,4.0,3.0,3.0,1
202,Greyador,3,2,5,1,1,3,5,5,5,5,5,4,5,4,5,4,3,5,5,4,4,4,4,4,4,4,4.0,5.0,4.0,0
119,Chi-Poo,5,5,5,4,2,3,5,5,3,3,2,1,3,2,3,2,5,5,3,3,3,3,3,2,2,4,4.0,2.0,2.0,1
207,Havanese,5,5,4,1,3,4,5,4,5,5,2,1,1,3,4,2,5,4,3,4,2,2,3,2,3,5,4.0,2.0,3.0,1
311,Rat Terrier,5,3,4,3,1,4,4,5,3,4,4,1,5,4,3,1,5,4,2,4,4,4,5,4,4,5,4.0,3.0,4.0,1
312,Redbone Coonhound,4,2,5,2,3,2,5,5,4,3,2,4,5,3,3,3,3,4,4,4,4,5,4,4,5,5,4.0,3.0,4.0,0
325,Scottish Terrier,4,2,4,3,4,3,5,4,4,4,2,1,2,4,3,2,1,4,3,3,4,5,4,4,4,4,4.0,2.0,4.0,1
95,Bull Terrier,4,3,5,2,1,4,5,5,4,5,3,1,5,4,5,2,5,4,4,4,1,5,4,5,5,5,4.0,3.0,4.0,0
193,Golden Retriever,2,3,5,1,3,3,5,5,5,5,5,4,2,2,5,3,5,5,5,3,3,2,5,2,5,5,4.0,5.0,4.0,0
323,Schnoodle,3,5,4,2,2,4,4,5,3,3,2,1,4,3,4,4,4,5,3,3,2,3,4,3,4,4,4.0,2.0,4.0,1
256,Maltipoo,5,5,5,1,2,3,5,4,4,4,1,1,3,2,2,2,5,4,3,2,5,4,3,3,2,4,4.0,1.0,2.0,1
321,Samusky,2,3,3,2,5,3,4,5,4,4,4,2,2,3,4,4,3,5,3,3,2,4,5,3,4,5,4.0,3.0,4.0,0
320,Samoyed,2,2,4,2,5,1,5,5,5,5,5,2,1,3,4,3,3,3,3,5,3,4,5,2,5,5,4.0,4.0,4.0,0
101,Cairn Terrier,5,4,3,1,4,4,5,5,4,4,3,1,5,4,3,1,2,5,3,4,4,3,5,4,4,5,4.0,2.0,4.0,1
104,Cardigan Welsh Corgi,4,4,4,3,4,3,5,4,3,3,4,1,3,4,4,2,4,5,2,4,4,3,3,3,3,4,4.0,3.0,3.0,1
317,Saint Berdoodle,2,5,3,2,4,3,5,5,5,4,3,1,4,4,3,4,4,4,3,3,3,3,3,3,3,3,4.0,2.0,4.0,1
210,Horgi,2,2,4,2,4,3,5,5,4,5,4,2,3,3,3,2,4,4,4,4,3,3,4,3,4,4,4.0,3.0,3.0,0
315,Rottle,4,3,3,3,3,3,5,4,3,3,2,2,4,4,3,3,5,5,3,3,2,2,4,3,4,5,4.0,2.0,4.0,1
108,Cav-a-Jack,4,4,3,1,3,3,4,4,4,4,2,2,4,3,4,2,4,4,3,4,3,3,4,3,4,5,4.0,3.0,3.0,1
109,Cavachon,5,5,5,1,3,3,5,5,5,5,2,1,2,4,4,2,4,4,3,4,3,2,4,3,4,5,4.0,2.0,4.0,1
110,Cavador,3,5,4,2,3,3,5,5,4,3,3,2,4,4,4,3,4,4,2,3,3,3,4,3,4,5,4.0,3.0,4.0,1
111,Cavalier King Charles Spaniel,5,5,5,1,3,2,5,5,5,5,3,1,4,4,4,2,4,4,3,3,2,2,3,2,4,5,4.0,3.0,3.0,1
112,Cavapoo,3,3,3,2,4,3,5,5,4,4,2,1,3,3,4,2,4,4,3,3,2,3,3,2,3,5,4.0,2.0,3.0,1
114,Cesky Terrier,5,4,4,3,3,3,5,3,2,3,1,1,4,5,4,2,4,3,3,2,3,3,2,3,3,5,4.0,2.0,3.0,1
208,Havapoo,5,5,4,1,3,4,5,4,4,4,1,1,1,3,4,2,5,5,3,3,2,3,3,2,3,5,4.0,2.0,3.0,1
141,Corgidor,3,2,4,3,3,3,5,4,3,4,5,2,4,4,4,3,4,5,3,3,2,3,5,3,4,5,4.0,4.0,4.0,0
143,Coton de Tulear,5,4,5,1,3,3,5,5,5,5,1,1,2,5,3,1,3,4,3,1,2,3,3,2,3,5,4.0,2.0,3.0,1
145,Curly-Coated Retriever,1,3,3,3,4,4,5,5,4,3,3,2,3,2,3,3,4,5,5,5,3,4,5,3,4,5,4.0,3.0,4.0,0
170,Finnish Spitz,3,3,3,1,5,3,5,5,5,3,4,1,2,4,3,3,3,4,3,3,5,4,5,4,5,5,4.0,3.0,4.0,0
172,Fox Terrier,3,3,3,3,3,4,4,4,3,3,2,1,2,4,2,2,5,5,3,5,3,3,5,5,5,5,4.0,2.0,4.0,0
173,French Bulldog,5,5,3,1,2,1,5,4,4,4,3,1,5,2,4,2,4,3,3,2,3,2,3,4,2,5,4.0,3.0,2.0,1
278,Otterhound,1,4,2,5,4,3,5,5,5,4,4,1,2,4,3,4,2,4,3,5,2,5,5,4,5,5,4.0,3.0,4.0,0
175,French Spaniel,2,4,4,3,4,2,5,4,4,4,3,2,3,4,2,3,4,4,2,3,2,2,5,3,4,4,4.0,2.0,4.0,0
176,Frenchton,5,5,3,2,3,3,5,5,5,5,4,3,5,4,2,2,4,4,2,2,3,3,3,3,3,5,4.0,3.0,3.0,1
177,Frengle,4,4,4,3,2,2,5,5,4,4,3,1,5,4,4,3,3,4,3,3,2,3,4,3,4,5,4.0,3.0,4.0,1
178,German Longhaired Pointer,2,2,3,3,3,2,5,4,4,4,2,3,5,4,4,4,4,4,2,3,3,4,5,3,5,3,4.0,3.0,4.0,0
277,Old English Sheepdog,5,4,4,2,4,2,5,4,4,4,1,4,1,4,4,4,3,4,2,3,1,2,4,3,4,4,4.0,3.0,4.0,1
180,German Shepherd Dog,3,2,5,2,4,3,5,5,2,4,5,1,5,4,2,4,5,5,5,4,4,2,5,5,5,5,4.0,3.0,4.0,0
276,Nova Scotia Duck Tolling Retriever,5,3,3,2,4,4,5,5,4,4,3,1,5,4,4,3,4,5,4,5,4,3,5,3,5,5,4.0,3.0,4.0,0
275,Norwich Terrier,5,3,4,2,4,4,5,5,5,5,2,1,2,4,5,1,4,4,4,3,4,4,5,4,4,5,4.0,3.0,4.0,1
183,German Sheprador,2,1,5,2,4,4,5,5,4,4,5,2,5,3,3,4,5,5,5,3,2,2,5,5,5,5,4.0,3.0,4.0,0
184,German Shorthaired Pointer,1,2,4,1,2,4,5,5,4,3,2,2,5,3,3,3,5,5,4,5,3,5,5,3,5,5,4.0,2.0,4.0,0
274,Norwegian Lundehund,1,1,3,2,5,3,5,5,5,5,5,1,4,3,3,3,4,5,3,2,1,5,4,4,5,5,4.0,3.0,4.0,0
273,Norwegian Elkhound,4,4,4,2,5,3,5,4,4,4,5,1,3,4,4,3,2,4,3,4,4,4,5,3,5,4,4.0,3.0,4.0,0
272,Norwegian Buhund,3,3,3,4,5,2,5,5,3,3,3,1,2,4,3,3,4,3,3,2,4,4,4,4,5,5,4.0,2.0,4.0,0
188,Glen of Imaal Terrier,4,2,3,3,3,4,5,5,2,3,1,1,5,5,3,1,4,4,3,5,4,3,4,5,4,4,4.0,2.0,4.0,1
194,Golden Retriever Corgi,3,4,3,3,3,3,5,5,4,4,4,3,3,3,4,3,4,4,3,2,3,2,4,3,3,5,4.0,4.0,3.0,1
270,Norfolk Terrier,4,5,4,3,4,4,5,4,5,4,1,1,4,5,5,1,5,4,2,1,3,4,4,4,4,5,4.0,2.0,4.0,1
171,Flat-Coated Retriever,1,2,5,1,4,4,5,5,5,5,3,2,4,4,4,3,4,5,3,3,4,4,5,4,5,5,4.0,3.0,4.0,0
169,Finnish Lapphund,4,4,4,2,5,2,5,5,5,4,3,1,4,4,4,3,5,5,4,4,3,4,5,5,4,5,4.0,3.0,4.0,0
147,Dachshund,5,4,4,3,1,3,4,5,3,1,3,1,3,2,5,1,2,4,4,5,5,5,3,3,3,4,4.0,3.0,2.0,1
279,Papillon,5,5,3,1,2,4,5,3,4,5,2,1,3,3,3,1,5,4,3,4,2,1,4,3,5,5,4.0,2.0,3.0,1
148,Dalmatian,2,3,4,3,3,4,5,4,4,3,5,1,5,4,4,3,4,4,2,2,2,4,5,4,5,4,4.0,3.0,4.0,0
291,Polish Lowland Sheepdog,4,2,4,3,4,4,5,4,3,3,1,1,1,4,3,3,4,4,3,3,2,3,4,3,4,4,4.0,2.0,4.0,1
290,Pointer,1,1,3,1,2,4,5,5,5,5,3,1,5,3,3,3,5,5,5,5,3,5,5,5,5,5,4.0,2.0,4.0,0
289,Pocket Beagle,4,3,4,2,2,4,5,5,5,4,3,1,5,3,5,2,3,4,4,3,5,5,4,4,4,4,4.0,3.0,3.0,0
197,Gollie,1,4,3,2,3,3,5,5,4,4,4,2,3,3,4,3,4,4,2,2,2,4,5,3,4,5,4.0,3.0,4.0,0
154,Dorkie,5,4,4,2,2,2,4,4,4,4,3,1,2,2,2,1,3,4,2,3,2,2,2,2,2,3,4.0,2.0,2.0,1
155,Doxle,2,4,4,1,2,4,5,4,5,4,5,1,4,4,4,2,3,4,3,5,5,5,5,4,5,5,4.0,3.0,4.0,0
286,Pharaoh Hound,4,4,5,2,1,5,5,5,5,4,2,1,4,5,3,3,3,4,4,5,4,4,2,3,4,4,4.0,2.0,4.0,1
157,Drever,4,3,2,2,2,3,5,5,4,3,3,2,3,5,3,3,3,4,4,3,4,2,5,3,4,4,4.0,3.0,4.0,1
285,Petit Basset Griffon Vendéen,4,3,3,3,4,3,5,5,5,5,4,1,2,3,4,2,1,4,3,5,5,5,5,4,5,5,4.0,3.0,4.0,0
159,English Cocker Spaniel,5,4,5,1,4,3,5,5,5,5,3,1,3,4,5,2,4,5,3,5,4,4,5,3,4,5,4.0,3.0,4.0,1
284,Pembroke Welsh Corgi,4,4,4,3,4,3,5,4,3,5,5,1,4,3,4,2,5,5,2,3,5,2,4,3,4,4,4.0,3.0,3.0,1
161,English Setter,1,3,4,1,4,3,5,5,5,5,3,2,3,3,5,3,3,5,4,5,4,5,4,2,5,5,4.0,3.0,4.0,0
162,English Springer Spaniel,1,3,4,1,3,4,5,5,5,4,3,1,2,3,3,3,5,5,3,5,3,4,5,3,5,5,4.0,2.0,4.0,0
196,Goldendoodle,1,4,4,3,3,3,5,5,5,4,2,1,4,3,3,4,4,5,1,1,3,3,4,3,5,5,4.0,2.0,4.0,0
282,Peekapoo,5,5,4,2,3,2,5,4,4,3,2,1,2,3,4,1,3,4,4,3,4,1,3,2,3,4,4.0,2.0,2.0,1
195,Golden Shepherd,2,2,5,1,5,4,5,5,3,5,5,2,2,3,3,5,5,5,5,3,3,2,5,3,5,5,4.0,3.0,4.0,0
280,Papipoo,5,5,4,1,2,4,5,3,4,4,1,1,2,3,3,1,5,5,3,3,2,2,5,3,5,5,4.0,2.0,4.0,1
167,Field Spaniel,1,3,4,1,3,4,5,5,4,4,3,1,4,3,4,2,5,5,3,4,2,5,5,3,5,5,4.0,3.0,4.0,0
326,Sealyham Terrier,4,4,4,2,4,3,4,4,4,3,4,3,1,5,3,2,3,4,2,2,4,3,4,2,4,4,4.0,3.0,4.0,1
214,Ibizan Hound,5,3,4,2,1,4,5,5,5,4,3,1,5,4,1,3,3,4,3,5,2,5,5,3,5,5,4.0,2.0,4.0,0
91,Brussels Griffon,5,2,5,1,1,2,5,4,4,3,3,3,3,3,3,1,3,4,3,1,4,5,5,3,4,5,4.0,3.0,3.0,1
347,Spinone Italiano,4,4,5,2,4,3,5,5,5,5,3,4,2,3,2,4,4,4,2,4,2,2,4,2,4,4,4.0,3.0,4.0,1
230,Keeshond,4,4,5,1,5,3,5,5,4,4,5,1,3,3,4,3,4,4,3,3,4,2,4,3,3,5,4.0,3.0,3.0,1
29,Australian Shepherd,1,2,5,2,4,4,5,4,5,3,3,1,1,2,4,3,5,5,4,4,4,5,5,4,5,5,4.0,3.0,4.0,0
31,Australian Shepherd Lab Mix,2,2,5,4,5,4,4,4,4,4,4,2,4,4,3,4,5,5,4,3,3,5,5,5,5,5,4.0,3.0,4.0,0
357,Terripoo,5,5,2,1,3,4,5,4,3,3,1,1,3,3,3,1,4,5,2,4,3,3,5,3,4,5,4.0,2.0,3.0,1
251,Lhasa Apso,5,5,5,4,3,2,4,4,3,2,3,1,1,3,3,1,3,4,3,4,4,2,4,3,3,5,4.0,2.0,3.0,1
355,Swedish Vallhund,3,1,3,3,4,3,5,4,3,5,4,1,5,4,4,3,5,5,2,4,1,3,5,3,5,5,4.0,3.0,4.0,0
227,Japanese Spitz,4,4,3,2,4,3,4,5,4,2,3,1,4,3,2,2,4,4,2,2,4,2,3,2,3,4,4.0,2.0,3.0,1
353,Sussex Spaniel,5,5,5,1,5,5,5,5,5,5,3,1,4,4,5,2,3,5,2,1,4,1,2,1,2,4,4.0,3.0,2.0,1
37,Basenji,5,4,3,4,1,4,5,5,4,5,1,1,5,2,2,2,1,4,5,5,1,5,5,1,5,2,4.0,1.0,4.0,1
39,Basset Fauve de Bretagne,4,4,3,3,3,1,5,4,4,3,2,1,4,5,1,2,3,5,3,3,2,1,4,2,4,3,4.0,1.0,4.0,1
40,Basset Retriever,3,3,2,2,4,4,4,4,3,4,2,2,4,4,4,3,4,5,3,5,2,4,4,2,4,4,4.0,3.0,4.0,0
225,Jackshund,4,2,3,3,3,3,5,4,4,3,3,1,3,3,5,2,3,5,4,5,5,5,4,4,4,5,4.0,3.0,3.0,0
42,Beabull,4,3,4,4,2,2,5,5,4,3,4,3,5,3,4,3,3,3,4,4,4,4,3,4,3,5,4.0,4.0,3.0,1
43,Beagle,4,3,4,1,2,4,5,5,5,5,3,1,4,1,5,2,1,4,3,5,5,5,4,5,4,5,4.0,3.0,3.0,0
44,Beaglier,5,4,4,1,2,3,5,5,5,5,3,1,4,2,5,2,2,4,3,3,4,4,3,3,4,5,4.0,3.0,3.0,1
45,Bearded Collie,3,4,4,2,4,3,5,4,5,4,4,1,2,3,4,3,5,4,3,3,3,5,4,4,4,5,4.0,3.0,4.0,0
46,Bedlington Terrier,4,4,3,3,4,3,5,4,4,5,5,1,1,4,3,3,3,5,4,5,3,4,4,2,4,5,4.0,3.0,4.0,0
349,Stabyhoun,2,3,4,3,2,2,5,5,4,3,3,1,3,5,3,3,5,5,1,4,3,3,3,4,4,5,4.0,2.0,4.0,0
224,Jack Russell Terrier,3,2,3,3,4,3,5,4,5,4,3,1,3,4,4,2,4,5,4,5,4,4,5,5,5,5,4.0,3.0,4.0,0
361,Tibetan Spaniel,5,4,5,1,1,2,5,5,4,3,3,1,4,5,3,1,4,4,3,3,4,3,3,3,4,4,4.0,2.0,3.0,1
362,Tibetan Terrier,5,3,4,1,4,4,5,5,4,3,1,1,1,5,3,2,4,4,2,2,4,3,5,4,5,5,4.0,2.0,4.0,1
24,Aussiedoodle,2,3,3,2,3,3,5,4,4,4,3,4,3,4,4,3,5,5,3,3,2,3,5,4,5,5,4.0,4.0,4.0,0
372,West Highland White Terrier,4,4,4,2,4,3,5,4,5,3,4,1,3,3,4,2,4,4,2,4,4,3,4,4,4,4,4.0,3.0,3.0,1
379,Yorkipoo,5,5,4,3,2,3,5,4,3,2,1,1,4,3,2,1,4,4,3,3,5,2,5,3,3,4,4.0,1.0,3.0,1
3,Afghan Hound,5,3,5,2,5,5,5,5,4,2,4,1,1,3,1,4,1,4,3,5,2,5,5,2,4,4,4.0,2.0,4.0,0
243,Labradoodle,3,4,3,4,5,4,5,4,5,5,3,1,4,4,3,4,4,4,1,2,2,3,5,4,5,5,4.0,2.0,4.0,0
238,Lab Pointer,1,4,3,1,4,4,5,4,3,4,2,2,4,4,4,4,5,4,2,4,2,4,5,3,5,4,4.0,3.0,4.0,0
376,Wirehaired Pointing Griffon,1,3,4,1,4,3,5,5,4,5,1,1,3,4,3,3,5,5,3,4,4,4,5,3,4,5,4.0,2.0,4.0,0
237,Kyi-Leo,5,4,3,4,5,2,5,5,4,3,2,1,2,3,3,2,3,3,4,1,4,2,4,3,2,4,4.0,2.0,3.0,1
374,Whippet,5,3,5,2,1,4,5,5,4,4,2,1,5,4,1,3,4,4,4,5,1,4,5,2,5,5,4.0,1.0,4.0,1
373,Westiepoo,3,4,4,1,3,3,4,4,4,4,1,1,5,4,4,2,4,4,3,4,3,3,4,4,4,5,4.0,2.0,4.0,1
371,Welsh Terrier,3,3,3,2,2,2,4,5,5,4,2,1,2,5,3,2,3,5,2,5,4,4,5,5,5,5,4.0,2.0,4.0,0
23,Auggie,2,3,4,3,4,3,5,5,5,4,4,1,2,3,4,3,5,5,3,3,4,3,5,4,5,5,4.0,3.0,4.0,0
12,American English Coonhound,1,2,5,2,4,4,5,5,4,5,3,1,5,4,3,3,5,4,3,5,5,5,5,5,5,5,4.0,2.0,4.0,0
13,American Eskimo Dog,5,4,4,2,5,3,5,5,5,4,5,1,3,5,4,2,5,4,3,3,4,3,5,3,4,5,4.0,3.0,4.0,1
370,Welsh Springer Spaniel,4,4,5,1,4,4,5,5,4,3,3,1,4,4,4,3,5,5,3,3,5,5,5,4,5,4,4.0,3.0,4.0,0
244,Labrador Retriever,1,3,5,2,3,3,5,5,5,5,5,3,5,3,5,4,5,5,5,2,4,3,5,5,5,5,4.0,4.0,4.0,0
16,American Leopard Hound,2,4,3,3,4,4,5,4,4,3,2,2,4,4,2,4,4,4,3,4,4,4,4,3,4,4,4.0,2.0,4.0,0
368,Vizsla,1,3,5,1,1,4,5,5,5,5,2,1,5,4,2,3,5,4,4,2,5,5,5,4,5,5,4.0,2.0,4.0,0
232,King Shepherd,4,2,4,2,5,4,4,4,5,4,4,4,4,3,4,5,4,5,3,2,2,3,3,3,4,4,4.0,4.0,4.0,2
363,Toy Fox Terrier,5,3,4,1,2,3,5,4,3,3,4,1,5,5,2,1,3,4,2,5,4,4,5,4,5,5,4.0,2.0,4.0,1
49,Belgian Sheepdog,3,3,5,3,4,3,4,5,5,4,5,1,3,3,2,4,5,5,2,5,1,4,5,3,5,5,4.0,3.0,4.0,0
269,Newfoundland,1,3,4,1,5,2,5,5,4,4,5,5,2,1,4,5,5,4,3,4,4,3,3,1,3,4,4.0,5.0,3.0,2
51,Bergamasco Sheepdog,3,4,2,3,4,3,4,5,4,4,2,1,4,5,2,3,3,5,2,2,3,3,4,2,3,4,4.0,2.0,4.0,1
72,Bordoodle,4,4,3,3,4,4,4,5,3,2,2,2,4,4,3,3,4,5,3,2,2,3,3,2,3,4,4.0,2.0,3.0,1
221,Italian Greyhound,5,5,5,1,1,3,5,5,4,4,2,1,5,3,2,2,3,3,4,5,3,3,4,2,4,4,4.0,2.0,3.0,1
67,Bolognese,5,3,5,2,2,3,5,5,5,5,1,1,1,5,3,1,5,4,4,5,4,1,3,3,4,3,4.0,2.0,3.0,1
68,Borador,3,3,2,2,3,3,5,4,4,4,4,3,3,3,4,4,4,5,3,3,2,3,4,3,4,5,4.0,4.0,4.0,0
69,Border Collie,2,2,5,1,4,4,5,4,3,5,3,1,3,2,3,3,5,5,3,3,2,3,5,3,5,5,4.0,2.0,4.0,0
220,Irish Wolfhound,1,2,3,2,4,2,5,5,5,5,3,1,3,1,3,5,3,4,3,5,1,3,2,2,4,4,4.0,2.0,3.0,0
52,Berger Picard,3,4,5,3,4,3,5,5,3,2,4,1,5,5,3,4,4,4,2,3,2,2,5,3,5,5,4.0,3.0,5.0,0
71,Border Terrier,4,3,3,1,4,3,5,4,2,5,3,1,2,4,5,2,3,5,5,5,1,4,4,4,5,5,4.0,3.0,4.0,0
73,Borzoi,5,3,5,1,4,3,4,3,4,4,5,1,4,4,2,5,3,4,3,5,2,4,2,2,2,3,4.0,3.0,3.0,1
340,Silken Windhound,4,4,4,2,4,4,5,4,3,4,2,2,4,4,2,3,5,4,3,5,1,4,4,2,4,5,4.0,2.0,4.0,1
219,Irish Water Spaniel,3,2,4,3,4,4,5,5,4,5,1,2,3,2,3,3,5,4,3,5,4,3,5,3,5,4,4.0,2.0,4.0,0
75,Bossie,2,2,3,5,3,3,4,4,4,4,2,1,3,3,3,3,4,4,3,3,3,5,4,4,5,5,4.0,2.0,4.0,0
333,Shih Tzu,5,5,3,3,3,1,5,4,4,5,3,1,1,3,4,1,3,4,4,4,2,2,2,3,2,4,4.0,3.0,2.0,1
81,Boxer,4,3,4,1,2,1,5,4,3,4,4,2,5,2,4,3,4,4,2,3,3,3,5,5,5,5,4.0,3.0,4.0,0
253,Lowchen,5,4,3,1,3,3,5,5,4,4,3,1,3,5,3,1,5,4,3,4,4,5,4,3,4,5,4.0,2.0,4.0,1
77,Boston Terrier,5,4,5,3,3,2,4,5,5,4,2,1,5,4,3,2,4,4,2,2,3,5,4,5,4,5,4.0,2.0,4.0,1
335,Shiloh Shepherd,1,2,4,2,5,4,5,5,4,5,4,3,4,3,4,5,5,5,4,1,4,3,4,4,4,5,4.0,4.0,4.0,0
80,Boxador,2,2,3,1,2,2,5,4,4,4,4,2,5,2,4,4,5,5,3,2,3,3,5,5,5,5,4.0,3.0,4.0,0
65,Boglen Terrier,4,4,4,2,2,3,5,5,5,5,2,1,4,3,3,2,2,2,4,4,4,5,4,5,4,5,4.0,2.0,3.0,1
63,Bocker,5,3,5,1,3,4,5,4,4,4,3,1,3,3,4,2,4,4,4,5,5,5,4,3,4,4,4.0,3.0,3.0,1
222,Jack-A-Poo,4,4,4,2,4,4,5,5,5,4,2,1,2,3,4,2,4,5,4,4,3,4,5,4,5,5,4.0,2.0,4.0,0
53,Bernedoodle,3,3,4,2,5,3,5,5,4,3,1,2,3,4,3,3,4,5,4,3,3,3,4,3,3,5,4.0,2.0,4.0,1
223,Jack Chi,4,2,3,3,2,4,4,5,4,3,2,2,5,4,4,2,2,4,2,4,2,4,4,4,4,5,4.0,3.0,4.0,1
89,Brittany,1,3,5,1,4,3,5,5,5,4,3,5,3,4,3,3,3,5,3,5,3,4,5,3,5,5,4.0,4.0,4.0,0
55,Bichon Frise,5,5,5,1,3,4,5,4,4,5,2,1,1,4,4,2,5,4,3,4,2,2,5,3,3,5,4.0,2.0,4.0,1
88,Briard,3,3,4,3,4,3,4,5,5,2,1,1,1,3,3,4,4,4,2,3,4,5,4,4,4,4,4.0,2.0,4.0,0
345,Soft Coated Wheaten Terrier,5,4,4,2,2,3,5,5,5,5,2,1,3,4,3,3,4,4,2,3,3,4,4,3,4,5,4.0,2.0,4.0,1
329,Shetland Sheepdog,2,3,5,2,4,3,5,5,4,5,5,1,2,4,3,2,5,5,1,3,4,2,4,2,4,4,4.0,3.0,4.0,0
57,Black and Tan Coonhound,1,2,3,2,4,4,5,5,5,5,5,3,4,5,5,3,2,5,1,5,5,5,5,5,5,5,4.0,4.0,4.0,0
344,Small Munsterlander Pointer,1,2,3,4,5,3,5,5,5,4,3,1,3,5,3,3,5,5,3,5,3,4,4,5,5,4,4.0,2.0,4.0,0
330,Shiba Inu,5,4,3,5,4,3,4,3,3,3,4,1,4,3,2,2,2,4,4,3,4,4,4,2,3,3,4.0,2.0,3.0,1
343,Sloughi,4,2,4,3,2,3,5,5,4,3,3,1,5,3,2,4,3,4,3,5,2,3,5,3,5,3,4.0,2.0,4.0,0
60,Bloodhound,1,2,4,2,3,3,5,5,5,5,4,5,1,3,3,4,3,4,5,3,4,5,5,4,5,3,4.0,4.0,4.0,0
85,Boykin Spaniel,1,3,4,3,3,4,5,5,4,3,4,1,1,2,4,3,4,4,4,2,3,4,5,5,5,4,4.0,3.0,4.0,0
342,Skye Terrier,4,4,3,2,4,4,4,4,2,5,3,1,3,5,3,2,2,4,3,4,4,4,3,4,3,4,4.0,2.0,3.0,1
331,Shichon,5,4,4,1,2,2,5,5,4,4,1,1,4,4,3,2,3,4,1,1,2,1,4,2,3,5,4.0,2.0,3.0,1
217,Irish Setter,1,3,4,2,4,3,5,5,5,5,4,2,3,2,3,4,4,5,5,5,4,5,5,3,5,5,4.0,3.0,4.0,0
257,Manchester Terrier,5,3,3,3,1,3,4,3,3,3,3,1,5,2,4,2,2,4,2,4,4,4,4,4,4,4,3.0,3.0,3.0,1
259,Mastador,1,2,4,3,4,2,5,5,3,3,4,4,4,4,4,4,4,4,4,2,2,2,4,4,4,4,3.0,4.0,4.0,2
254,Maltese,5,5,4,1,1,3,5,3,4,2,2,1,2,3,3,1,4,4,3,4,4,1,3,3,2,4,3.0,2.0,2.0,1
248,Lakeland Terrier,4,3,3,2,4,4,5,4,3,3,2,1,2,5,3,2,2,4,1,4,4,3,5,4,4,4,3.0,2.0,4.0,1
245,Labrastaff,2,2,4,1,3,3,4,4,3,4,4,3,3,4,4,4,2,4,3,3,3,4,4,3,4,4,3.0,4.0,4.0,2
246,Labsky,2,2,2,2,5,1,5,4,3,3,4,2,2,3,4,4,4,5,3,4,4,4,5,4,5,5,3.0,3.0,4.0,0
247,Lagotto Romagnolo,2,4,3,3,4,3,3,3,3,3,1,2,1,4,3,2,4,4,2,4,3,3,4,2,4,4,3.0,2.0,4.0,1
260,Mastiff,2,1,3,3,4,1,5,5,2,2,3,5,3,3,4,5,3,2,4,2,2,1,3,3,4,4,3.0,4.0,4.0,2
249,Lancashire Heeler,2,2,3,3,3,3,4,3,3,2,3,1,4,4,4,1,3,4,2,2,2,4,4,4,3,4,3.0,3.0,3.0,2
252,Lhasapoo,4,2,4,2,3,3,4,3,3,1,1,1,3,4,3,3,3,5,2,2,4,2,4,4,3,4,3.0,2.0,4.0,1
266,Mudi,2,4,4,2,3,3,4,2,2,2,3,1,4,4,2,2,5,4,3,4,4,4,4,2,4,4,3.0,2.0,4.0,1
261,Miniature Pinscher,5,3,5,2,1,3,5,3,2,3,2,1,5,3,5,1,3,3,2,3,5,5,4,3,4,5,3.0,3.0,3.0,1
265,Mountain Feist,2,1,4,3,4,3,5,3,3,2,3,4,5,4,1,2,3,3,4,5,4,4,4,4,4,5,3.0,3.0,4.0,2
264,Mountain Cur,1,1,3,2,4,4,4,4,3,2,2,1,4,5,1,4,2,4,2,5,3,4,4,4,5,4,3.0,1.0,4.0,2
255,Maltese Shih Tzu,5,5,3,3,2,2,4,3,3,3,1,1,2,2,3,1,4,3,4,5,4,1,3,2,3,3,3.0,2.0,2.0,1
263,Morkie,3,2,3,2,2,3,4,3,2,3,1,1,3,4,4,1,3,4,5,3,5,2,4,3,4,5,3.0,2.0,3.0,1
309,Pyrenean Mastiff,2,2,4,4,4,3,4,4,4,1,3,5,3,4,2,5,3,4,2,2,3,1,4,4,3,3,3.0,3.0,4.0,2
267,Mutt (Mixed),3,3,3,3,3,3,4,3,3,3,3,3,3,4,3,3,4,4,3,3,3,3,3,3,3,3,3.0,3.0,3.0,2
271,Northern Inuit Dog,1,1,4,1,5,3,5,4,3,5,5,1,2,4,2,4,2,4,4,4,5,5,5,4,5,5,3.0,3.0,4.0,0
337,Shollie,1,2,3,2,4,4,4,4,3,2,4,2,3,3,4,4,4,4,3,3,3,4,5,4,4,4,3.0,3.0,4.0,2
338,Shorkie,5,3,3,1,2,2,4,3,2,3,2,1,4,2,3,1,2,3,2,4,4,3,4,3,2,5,3.0,2.0,2.0,1
339,Siberian Husky,2,1,4,1,5,3,5,5,5,5,4,3,2,4,2,3,2,3,4,3,5,5,5,3,5,5,3.0,3.0,4.0,0
341,Silky Terrier,5,3,3,3,1,4,4,3,2,3,2,1,4,4,3,1,4,4,2,5,4,3,4,4,3,4,3.0,2.0,3.0,1
346,Spanish Mastiff,2,1,3,3,4,3,4,4,2,2,3,2,3,4,3,5,2,4,2,1,1,2,3,2,3,4,3.0,3.0,4.0,2
348,Springador,2,3,4,1,4,4,4,3,3,3,1,2,4,4,4,4,5,5,2,4,3,4,4,3,4,4,3.0,2.0,4.0,0
350,Staffordshire Bull Terrier,3,1,4,2,3,1,5,5,1,5,3,3,5,3,4,2,2,3,2,2,3,4,3,3,4,5,3.0,3.0,3.0,2
352,Standard Schnauzer,4,2,4,2,4,4,4,4,3,2,1,1,2,5,1,3,3,5,3,5,2,5,5,3,5,5,3.0,1.0,4.0,0
354,Swedish Lapphund,2,2,4,2,5,2,4,4,4,4,4,2,2,3,2,3,4,5,4,2,4,2,3,4,3,4,3.0,3.0,3.0,2
356,Taiwan Dog,3,2,3,2,4,4,4,3,4,2,3,3,4,4,3,3,4,4,3,4,3,4,4,3,4,4,3.0,3.0,4.0,2
358,Texas Heeler,2,3,3,3,4,3,4,3,3,3,4,2,3,3,5,3,3,5,4,3,2,4,5,3,5,4,3.0,4.0,4.0,2
359,Thai Ridgeback,2,2,2,2,4,3,3,2,3,3,3,2,4,4,3,3,2,4,2,4,2,4,4,4,4,3,3.0,3.0,4.0,2
360,Tibetan Mastiff,1,1,5,1,5,2,5,5,5,2,2,2,4,3,4,5,1,5,5,3,2,3,4,2,2,5,3.0,3.0,4.0,2
364,Transylvanian Hound,3,2,2,3,3,3,4,3,3,2,3,3,4,4,3,3,2,4,3,4,3,4,4,4,5,4,3.0,3.0,4.0,2
365,Treeing Tennessee Brindle,1,2,3,2,3,3,4,4,4,3,4,3,5,4,3,3,3,4,3,4,1,1,4,4,5,3,3.0,3.0,4.0,2
366,Treeing Walker Coonhound,1,2,5,2,3,3,4,4,3,3,3,2,5,4,3,4,2,4,3,4,5,5,4,4,5,3,3.0,3.0,4.0,0
367,Valley Bulldog,4,3,4,2,1,1,5,4,3,4,4,3,5,3,4,4,3,3,2,3,4,1,4,4,4,4,3.0,4.0,4.0,1
369,Weimaraner,1,2,5,1,3,4,5,4,3,3,4,4,5,3,2,4,4,5,5,5,2,5,5,5,5,5,3.0,3.0,4.0,0
375,Whoodle,4,1,3,1,4,2,4,4,3,4,2,1,3,4,2,3,2,4,1,2,1,3,4,4,4,4,3.0,2.0,4.0,2
377,Xoloitzcuintli,5,1,5,1,3,3,5,3,2,1,1,1,5,5,3,3,3,5,3,5,5,5,3,3,3,3,3.0,2.0,4.0,1
378,Yakutian Laika,1,3,3,1,5,3,5,4,4,4,4,2,3,4,3,3,4,4,2,3,4,3,4,3,5,4,3.0,3.0,4.0,0
336,Shiranian,4,4,4,2,2,1,5,3,3,4,2,2,2,2,3,2,2,4,1,1,2,2,2,3,2,4,3.0,2.0,2.0,1
334,Shikoku,3,2,3,3,5,4,4,3,2,2,4,1,4,5,4,3,2,4,2,4,2,3,3,3,3,2,3.0,3.0,4.0,2
332,Shih-Poo,5,2,4,2,3,2,5,3,2,4,1,1,2,3,4,1,2,4,3,2,2,2,3,1,2,4,3.0,2.0,2.0,1
300,Portuguese Pointer,1,1,4,1,3,3,4,4,2,4,1,3,4,4,4,3,4,4,3,4,2,3,4,5,4,4,3.0,3.0,4.0,2
281,Patterdale Terrier,1,2,4,1,4,4,4,4,4,4,2,1,4,4,3,2,3,5,4,5,2,4,4,4,4,4,3.0,2.0,4.0,0
283,Pekingese,5,4,2,3,4,1,5,2,2,2,4,1,1,2,3,1,3,4,3,5,4,3,2,1,2,3,3.0,3.0,2.0,1
287,Pitsky,2,1,4,1,3,3,5,5,3,5,4,2,3,4,2,3,3,3,4,3,4,4,4,4,5,5,3.0,3.0,4.0,0
288,Plott,1,1,4,2,2,4,4,3,5,3,2,1,5,5,3,3,4,3,3,5,1,5,4,4,5,3,3.0,2.0,4.0,0
292,Pomapoo,5,5,4,1,3,2,5,3,3,3,3,1,1,3,4,1,4,4,3,2,3,1,3,3,3,4,3.0,3.0,2.0,1
293,Pomchi,4,3,3,3,2,4,4,3,3,3,3,1,2,5,4,1,3,4,4,3,4,3,3,4,3,4,3.0,3.0,3.0,1
294,Pomeagle,4,4,4,1,3,2,5,3,3,3,4,1,2,3,4,1,3,2,3,3,5,4,4,3,3,4,3.0,3.0,3.0,1
295,Pomeranian,4,4,4,1,4,2,5,2,2,3,4,1,2,3,4,1,4,4,2,2,5,1,3,2,2,3,3.0,3.0,2.0,1
296,Pomsky,5,2,4,1,5,3,5,2,3,3,4,1,2,3,3,2,3,4,3,4,5,2,4,2,3,4,3.0,3.0,3.0,1
301,Portuguese Sheepdog,2,2,4,2,4,3,4,4,4,2,2,1,4,5,4,4,3,5,3,2,4,2,4,3,4,3,3.0,2.0,4.0,2
328,Shepsky,1,1,4,2,4,3,5,4,3,4,4,2,3,4,2,4,4,5,4,4,3,2,5,4,5,5,3.0,3.0,4.0,0
303,Pudelpointer,2,3,1,2,3,3,4,3,3,3,3,2,3,4,3,4,4,4,3,4,2,4,4,3,5,3,3.0,3.0,4.0,2
310,Pyrenean Shepherd,5,2,4,1,4,3,5,5,2,2,3,1,3,2,3,2,2,4,3,4,5,2,4,5,5,5,3.0,2.0,3.0,1
313,Rhodesian Ridgeback,1,2,4,2,3,3,5,4,4,3,4,1,5,4,3,4,2,4,3,5,1,5,4,4,5,5,3.0,3.0,4.0,0
314,Rottador,3,2,5,1,4,3,5,4,3,3,4,4,5,2,5,4,4,5,4,3,4,3,5,5,5,5,3.0,4.0,4.0,0
316,Rottweiler,2,1,4,1,2,3,5,4,2,4,4,4,5,2,5,3,4,5,3,4,4,2,4,4,4,5,3.0,4.0,3.0,0
318,Saint Bernard,3,2,4,1,5,1,5,5,5,5,4,5,2,2,4,5,2,4,3,1,1,2,3,2,2,4,3.0,4.0,3.0,2
319,Saluki,1,2,5,1,2,3,5,4,4,1,2,1,4,4,1,4,4,4,4,5,1,5,5,2,5,5,3.0,1.0,4.0,0
322,Schipperke,4,2,4,3,3,2,4,5,2,2,3,1,5,4,5,1,2,4,3,2,4,5,5,3,5,5,3.0,3.0,4.0,1
324,Scottish Deerhound,1,1,3,2,4,4,5,4,2,5,5,1,2,3,4,5,2,3,4,5,1,4,5,5,5,5,3.0,3.0,4.0,0
242,Labradane,1,2,3,2,4,4,5,5,4,3,2,3,4,4,4,5,3,4,2,3,1,3,4,2,4,5,3.0,3.0,4.0,2
380,Yorkshire Terrier,5,4,5,2,2,2,4,2,3,2,2,1,2,4,2,1,3,3,2,2,3,3,5,4,4,5,3.0,2.0,4.0,1
240,Labmaraner,1,4,4,1,3,3,4,5,4,3,1,2,4,4,4,4,4,4,3,3,3,4,4,3,5,5,3.0,2.0,4.0,0
25,Aussiepom,3,2,3,2,3,3,4,3,4,4,3,2,2,4,4,3,4,4,4,2,3,2,5,3,4,5,3.0,3.0,4.0,1
86,Bracco Italiano,1,2,4,3,3,3,5,4,5,3,3,2,5,2,3,4,3,4,2,5,2,3,4,4,5,4,3.0,3.0,4.0,0
87,Braque du Bourbonnais,1,3,3,2,2,3,5,4,4,4,2,1,4,4,1,3,4,4,3,4,3,2,5,2,5,3,3.0,1.0,4.0,0
90,Broholmer,2,4,3,3,3,3,5,4,3,3,3,2,4,4,3,5,4,4,3,2,3,2,3,3,3,3,3.0,3.0,4.0,2
92,Bugg,5,4,3,2,2,3,4,3,2,3,2,2,4,4,4,2,3,4,4,3,4,2,4,3,2,4,3.0,3.0,3.0,1
21,Anatolian Shepherd Dog,1,2,4,3,5,3,3,2,2,1,2,3,4,3,3,5,4,4,2,2,2,4,3,3,3,3,3.0,3.0,4.0,2
20,American Water Spaniel,2,2,5,1,2,4,5,5,2,3,3,1,3,3,3,3,4,3,5,2,3,5,5,2,5,5,3.0,2.0,4.0,0
96,Bullador,2,2,4,2,2,2,4,4,4,4,4,4,4,3,5,4,4,4,2,4,4,3,4,4,4,4,3.0,4.0,4.0,0
97,Bullboxer Pit,1,2,3,2,2,2,4,4,2,2,4,4,4,4,4,3,2,4,4,5,4,3,5,5,5,4,3.0,4.0,4.0,2
98,Bulldog,5,4,4,3,1,1,5,4,2,5,3,5,5,4,5,2,3,2,2,2,4,1,2,3,3,4,3.0,4.0,3.0,1
99,Bullmastiff,3,2,4,2,4,2,5,5,4,3,1,5,5,2,5,5,3,3,3,3,4,3,2,4,3,5,3.0,4.0,3.0,2
100,Bullmatian,2,1,3,3,2,2,4,5,4,3,2,3,4,4,4,3,1,4,3,3,2,3,5,4,4,4,3.0,3.0,4.0,2
102,Canaan Dog,4,2,4,3,3,5,4,2,3,2,4,1,5,5,2,3,5,4,3,3,3,2,4,3,3,4,3.0,2.0,4.0,1
19,American Staffordshire Terrier,2,2,3,2,2,3,4,4,2,4,2,3,4,3,2,3,4,4,5,3,4,3,3,5,3,4,3.0,2.0,3.0,2
18,American Pugabull,3,3,4,1,2,3,5,4,3,3,3,3,4,2,3,3,3,3,2,4,4,2,4,4,3,5,3.0,3.0,3.0,1
17,American Pit Bull Terrier,3,2,4,1,2,3,5,5,1,5,4,1,5,4,3,3,4,4,5,3,3,4,4,5,4,5,3.0,3.0,4.0,0
15,American Hairless Terrier,4,3,3,2,1,3,4,4,3,3,1,1,5,4,4,2,3,4,3,4,3,3,4,3,3,5,3.0,2.0,3.0,1
14,American Foxhound,1,2,2,1,4,4,4,5,5,4,3,1,5,5,5,3,2,3,3,4,5,5,5,4,5,5,3.0,3.0,4.0,0
115,Chabrador,4,2,4,3,4,1,4,4,2,2,4,3,4,4,3,3,2,4,4,4,3,3,3,4,3,4,3.0,3.0,3.0,2
116,Cheagle,4,4,4,1,1,2,5,3,3,2,3,1,5,3,4,2,2,4,3,4,4,3,4,4,3,4,3.0,3.0,3.0,1
239,Labernese,2,4,4,1,4,2,4,5,4,3,4,3,3,2,4,4,3,4,3,3,2,4,4,2,4,5,3.0,4.0,4.0,0
118,Chi Chi,4,2,4,2,2,3,3,3,2,3,2,1,4,4,4,2,3,4,3,3,4,2,4,4,3,4,3.0,2.0,3.0,1
120,Chigi,3,4,5,2,3,2,5,5,2,2,4,1,5,3,3,1,4,4,2,3,2,3,4,4,4,4,3.0,3.0,3.0,1
121,Chihuahua,5,4,5,1,1,2,5,5,2,2,2,1,5,2,3,1,4,4,3,3,3,2,3,2,1,4,3.0,2.0,2.0,1
122,Chilier,4,2,4,2,2,2,4,4,4,3,2,3,4,4,3,2,2,4,3,3,3,2,4,4,3,4,3.0,3.0,3.0,1
123,Chinese Crested,5,3,5,1,1,3,4,5,4,4,2,1,2,5,2,2,4,3,4,3,3,1,2,1,2,3,3.0,2.0,3.0,1
11,American Bulldog,1,1,4,1,2,2,5,4,2,2,1,4,4,3,2,4,4,3,2,4,2,3,4,4,4,4,3.0,2.0,4.0,2
126,Chion,4,3,3,2,2,3,5,3,3,2,2,2,3,4,4,2,3,3,4,3,4,1,4,3,2,4,3.0,3.0,3.0,1
84,Boxweiler,2,3,4,2,3,2,5,4,4,2,3,2,3,3,4,4,4,4,2,2,3,1,4,3,4,4,3.0,3.0,4.0,2
83,Boxmatian,1,2,3,2,2,4,4,3,2,1,3,2,3,5,4,5,3,4,4,3,3,4,5,4,5,4,3.0,3.0,5.0,2
82,Boxerdoodle,1,3,3,2,3,3,4,3,4,3,2,2,3,3,4,3,4,4,2,3,2,4,4,4,4,5,3.0,3.0,4.0,0
48,Belgian Malinois,1,3,5,3,4,4,5,4,2,3,2,1,5,4,2,4,5,5,3,4,2,3,5,4,5,5,3.0,2.0,4.0,0
27,Australian Kelpie,2,2,4,2,3,5,4,2,3,2,3,1,4,3,2,3,5,5,5,4,4,4,5,3,5,4,3.0,2.0,4.0,0
28,Australian Retriever,1,4,3,2,4,4,4,4,3,3,3,2,3,4,4,4,4,4,2,3,2,4,5,3,5,4,3.0,3.0,4.0,0
30,Australian Shepherd Husky,1,2,4,1,5,4,5,3,2,2,4,2,3,3,4,4,4,5,3,4,5,5,5,5,5,5,3.0,3.0,4.0,0
32,Australian Shepherd Pit Bull Mix,2,3,3,2,3,3,4,4,3,3,4,2,3,4,5,4,4,4,3,4,2,3,4,3,4,4,3.0,4.0,4.0,2
33,Australian Stumpy Tail Cattle Dog,1,2,3,2,4,4,3,3,2,2,4,2,3,4,4,3,3,4,3,3,2,4,5,4,5,3,3.0,3.0,4.0,2
34,Australian Terrier,5,3,2,2,3,4,4,3,2,3,1,1,5,5,3,1,3,4,1,5,5,4,5,5,4,5,3.0,2.0,4.0,1
35,Azawakh,5,2,3,3,1,5,4,2,3,2,3,1,5,3,3,4,3,3,3,4,1,2,3,2,4,3,3.0,2.0,4.0,1
36,Barbet,3,2,3,1,4,4,5,4,4,3,2,1,1,4,3,3,4,4,2,3,3,3,5,3,3,4,3.0,2.0,4.0,1
38,Bassador,2,2,3,3,4,4,3,3,3,3,5,4,3,3,3,4,2,3,2,4,3,3,3,2,4,3,3.0,4.0,4.0,2
22,Appenzeller Sennenhunde,1,3,3,1,5,4,5,5,3,2,3,1,5,4,3,3,4,4,5,3,5,3,4,4,5,4,3.0,2.0,4.0,0
41,Bavarian Mountain Scent Hound,2,3,2,2,2,3,5,4,3,2,1,2,3,4,2,3,3,4,2,4,2,2,4,2,4,4,3.0,2.0,4.0,2
47,Belgian Laekenois,3,3,2,2,3,3,4,4,4,3,3,3,4,3,3,4,3,4,2,4,2,3,4,3,4,4,3.0,3.0,4.0,2
50,Belgian Tervuren,3,3,5,1,4,3,4,3,3,3,4,1,3,3,2,4,5,5,2,2,5,4,5,3,4,5,3.0,2.0,4.0,0
79,Bouvier des Flandres,3,2,4,2,4,2,5,5,2,2,1,1,2,3,4,4,5,4,2,2,4,2,4,5,4,4,3.0,2.0,4.0,2
54,Bernese Mountain Dog,1,2,4,1,5,1,5,5,3,5,5,4,3,1,4,5,4,4,5,5,4,3,4,3,3,4,3.0,4.0,3.0,0
56,Biewer Terrier,5,3,3,3,2,3,5,4,3,3,1,1,4,4,3,1,3,4,3,1,3,1,5,3,3,4,3.0,2.0,3.0,1
58,Black Mouth Cur,1,2,4,2,3,3,5,5,3,3,3,2,5,4,2,4,3,4,3,5,4,4,4,3,5,4,3.0,2.0,4.0,0
59,Black Russian Terrier,3,2,4,2,4,3,4,5,2,2,3,3,2,3,3,5,4,4,4,2,3,3,3,5,4,5,3.0,3.0,4.0,2
61,Blue Lacy,1,1,4,2,4,5,4,3,2,2,3,2,5,4,2,3,5,5,4,5,5,4,5,5,5,4,3.0,2.0,4.0,0
62,Bluetick Coonhound,2,2,5,2,3,3,5,5,3,3,2,2,5,4,3,3,2,4,3,4,4,5,5,4,5,5,3.0,2.0,4.0,0
64,Boerboel,1,1,3,2,3,4,4,4,2,2,3,4,4,4,3,5,2,4,3,3,3,4,3,4,4,4,3.0,3.0,4.0,2
66,Bohemian Shepherd,2,3,4,2,4,3,4,4,4,3,4,1,4,4,3,3,4,5,2,2,2,3,4,3,4,5,3.0,3.0,4.0,0
70,Border Sheepdog,2,3,2,2,4,2,5,4,3,3,3,1,3,4,2,3,4,5,4,3,4,2,5,3,5,4,3.0,2.0,4.0,0
74,BoShih,5,4,3,1,2,2,4,2,3,4,2,1,5,3,3,2,2,3,1,1,2,2,3,2,3,5,3.0,2.0,3.0,1
76,Boston Boxer,4,3,3,2,3,3,4,4,4,2,3,3,4,4,4,3,3,4,3,3,3,2,4,3,4,5,3.0,3.0,4.0,1
78,Boston Terrier Pekingese Mix,4,3,3,2,2,2,4,4,3,3,2,2,4,4,4,1,2,4,3,2,4,2,3,3,3,4,3.0,3.0,3.0,1
127,Chipin,5,4,5,1,1,2,5,4,2,2,2,1,5,3,4,1,4,3,2,3,2,3,4,3,2,5,3.0,2.0,2.0,1
128,Chiweenie,5,3,4,2,1,4,4,2,3,2,1,1,5,3,4,1,2,4,2,3,5,2,4,2,4,5,3.0,2.0,3.0,1
129,Chorkie,5,5,5,1,1,2,4,3,3,2,2,1,3,3,2,1,3,3,2,2,4,2,4,3,3,5,3.0,2.0,3.0,1
10,Alaskan Malamute,1,1,4,1,5,2,4,3,2,5,5,1,1,4,3,4,4,4,3,4,5,5,5,5,5,5,3.0,3.0,4.0,0
1,Affenhuahua,4,4,4,1,2,3,4,3,2,2,2,1,4,4,5,1,3,3,4,2,4,2,4,3,3,3,3.0,3.0,3.0,1
191,Golden Cocker Retriever,1,4,4,1,2,4,5,4,4,3,4,1,4,4,4,3,4,4,2,2,3,4,5,2,4,5,3.0,3.0,4.0,0
7,Akita Pit,3,1,2,4,3,3,4,3,3,2,3,3,4,4,4,4,3,4,3,4,3,1,3,4,3,3,3.0,3.0,4.0,2
192,Golden Mountain Dog,1,2,2,2,5,1,5,5,4,3,4,4,2,3,4,5,4,4,2,2,3,4,4,2,5,5,3.0,4.0,4.0,2
198,Gordon Setter,2,3,4,1,4,3,5,3,2,3,5,3,2,4,3,3,5,5,3,4,5,4,5,2,5,5,3.0,4.0,4.0,0
199,Great Dane,1,1,5,1,2,3,5,5,5,5,5,4,5,4,2,5,5,3,2,3,4,3,5,5,5,5,3.0,4.0,5.0,0
200,Great Pyrenees,1,1,4,3,5,3,5,4,4,3,5,2,4,2,4,5,1,4,2,5,5,5,5,5,5,4,3.0,4.0,4.0,0
201,Greater Swiss Mountain Dog,1,2,4,3,5,1,5,5,5,3,3,1,5,2,4,5,3,3,3,4,4,3,5,4,3,5,3.0,3.0,4.0,0
204,Hamiltonstovare,3,2,4,3,3,3,5,4,3,3,1,1,4,4,3,3,3,4,2,5,3,2,5,3,4,4,3.0,2.0,4.0,1
205,Hanoverian Scenthound,2,1,4,3,3,3,5,5,4,3,2,1,4,4,3,4,2,4,2,4,3,2,4,3,4,4,3.0,2.0,4.0,2
209,Hokkaido,3,2,2,3,5,2,4,4,3,3,4,2,1,5,3,3,3,4,3,4,3,3,3,2,3,3,3.0,3.0,4.0,2
212,Huskita,2,1,4,1,5,3,5,2,2,3,4,3,1,4,3,4,2,3,3,4,5,5,4,4,5,5,3.0,3.0,4.0,2
213,Huskydoodle,2,2,3,2,4,3,4,4,4,3,3,2,3,4,4,3,3,5,3,4,2,2,5,4,5,4,3.0,3.0,4.0,0
215,Icelandic Sheepdog,1,1,3,2,5,3,4,4,2,2,5,1,1,3,3,3,3,4,3,4,1,4,4,5,4,4,3.0,3.0,4.0,2
216,Irish Red And White Setter,1,3,4,1,4,3,5,4,4,4,3,1,3,2,2,3,4,4,4,3,3,4,5,5,5,5,3.0,2.0,4.0,0
218,Irish Terrier,3,2,3,2,4,4,5,5,1,3,4,1,2,5,3,3,1,4,1,2,4,3,5,4,4,5,3.0,3.0,4.0,2
226,Japanese Chin,5,4,3,1,3,2,3,3,3,4,3,1,3,3,3,1,3,3,4,3,3,1,2,1,2,4,3.0,2.0,2.0,1
228,Kai Ken,2,2,2,3,4,3,4,4,3,2,4,2,2,4,3,3,3,5,2,5,2,3,5,4,5,3,3.0,3.0,4.0,2
4,Akbash,1,2,3,4,4,2,5,4,3,2,4,2,3,4,4,4,3,4,3,1,3,1,2,2,2,3,3.0,3.0,3.0,2
229,Karelian Bear Dog,2,1,4,2,5,3,4,3,1,2,3,1,4,4,2,3,2,4,4,5,4,5,4,5,4,4,3.0,2.0,4.0,2
231,Kerry Blue Terrier,3,2,3,3,4,3,4,4,2,5,1,1,2,3,3,3,4,4,4,3,4,3,4,4,5,4,3.0,2.0,4.0,0
233,Kishu Ken,3,2,3,3,5,3,3,3,2,2,4,2,3,4,3,3,4,5,2,4,1,2,3,3,4,2,3.0,3.0,4.0,2
234,Komondor,2,1,4,1,4,3,5,3,1,1,3,2,2,2,3,4,4,4,3,2,5,4,2,1,4,4,3.0,3.0,3.0,2
235,Kooikerhondje,4,3,4,2,4,3,3,2,2,2,3,1,2,5,3,3,1,4,3,3,3,3,4,5,5,4,3.0,2.0,4.0,2
2,Affenpinscher,5,4,3,1,3,3,5,1,4,3,1,1,3,4,3,1,2,4,4,3,2,2,4,3,3,4,3.0,2.0,3.0,1
189,Goberian,1,2,3,2,5,2,4,4,4,2,2,1,5,4,4,4,2,5,3,4,2,4,5,4,5,4,3.0,2.0,4.0,0
187,Giant Schnauzer,1,1,4,2,4,2,5,3,3,2,4,1,2,4,3,4,5,4,3,4,4,4,5,2,5,5,3.0,3.0,4.0,0
186,German Wirehaired Pointer,2,3,4,2,3,4,5,3,3,2,2,2,4,4,3,4,4,5,4,4,3,5,5,4,5,5,3.0,2.0,4.0,0
185,German Spitz,4,2,3,3,3,2,5,4,3,3,4,1,2,4,4,1,2,4,4,5,4,2,5,3,4,4,3.0,3.0,4.0,1
131,Chow Shepherd,3,2,4,2,5,4,3,3,2,2,5,2,1,3,2,4,3,3,3,3,2,3,5,4,5,4,3.0,3.0,4.0,2
132,Chug,5,3,3,3,2,3,5,4,3,3,4,2,4,4,4,1,3,3,3,2,2,2,4,3,3,4,3.0,3.0,3.0,1
133,Chusky,2,2,3,3,5,2,4,4,3,3,5,2,2,3,3,3,3,4,3,3,4,2,4,3,4,4,3.0,3.0,4.0,2
134,Cirneco dell’Etna,4,3,3,3,3,3,5,5,4,3,2,1,4,5,2,3,3,3,2,4,3,1,4,2,3,4,3.0,2.0,4.0,1
140,Corgi Inu,4,3,3,3,4,2,3,3,3,2,5,2,2,3,3,2,4,4,3,3,3,2,4,3,4,4,3.0,3.0,3.0,2
142,Corman Shepherd,2,2,3,3,4,3,4,4,4,3,5,2,3,3,4,3,4,5,3,3,3,2,4,3,4,4,3.0,4.0,4.0,2
144,Croatian Sheepdog,3,2,3,3,4,2,4,3,2,2,5,3,2,4,3,3,3,4,4,3,4,3,4,4,4,4,3.0,4.0,4.0,2
146,Dachsador,4,2,3,2,3,3,4,4,3,4,2,1,4,4,4,2,3,4,2,4,2,4,4,3,4,4,3.0,2.0,4.0,1
149,Dandie Dinmont Terrier,4,4,3,2,3,3,5,4,3,3,3,1,2,3,4,1,2,3,3,4,2,3,3,3,2,4,3.0,3.0,2.0,1
150,Daniff,2,2,3,1,4,3,5,4,4,3,2,4,1,3,3,5,4,4,2,2,1,2,3,4,4,4,3.0,3.0,4.0,2
9,Alaskan Klee Kai,3,2,4,2,5,2,4,3,2,2,4,2,4,4,2,2,4,4,2,5,3,4,4,2,4,4,3.0,3.0,4.0,2
152,Dogue de Bordeaux,5,1,4,2,3,2,5,5,1,1,3,5,5,2,4,4,2,3,4,4,2,1,2,2,5,3,3.0,4.0,3.0,2
153,Dorgi,4,4,3,1,4,3,4,4,4,3,2,2,4,4,4,2,3,4,4,3,3,3,4,4,4,5,3.0,3.0,4.0,1
156,Drentsche Patrijshond,3,2,4,3,4,3,5,4,4,3,4,3,3,4,2,3,2,4,3,4,2,1,5,3,4,4,3.0,3.0,4.0,2
158,Dutch Shepherd,3,3,3,2,4,4,4,4,4,2,4,2,3,4,2,3,5,4,2,3,2,2,4,3,4,4,3.0,3.0,4.0,2
160,English Foxhound,1,2,3,4,3,3,4,4,5,3,3,1,5,4,2,3,3,3,4,5,4,5,5,4,5,5,3.0,2.0,4.0,0
163,English Toy Spaniel,4,4,4,1,2,2,5,1,4,4,5,2,4,2,3,2,3,3,4,4,3,2,3,3,2,4,3.0,3.0,2.0,1
164,Entlebucher Mountain Dog,1,2,4,3,4,2,5,5,3,2,3,1,5,3,3,3,3,4,4,4,5,3,5,4,5,5,3.0,2.0,4.0,0
165,Estrela Mountain Dog,1,3,2,3,4,3,5,5,3,2,4,3,2,4,3,4,4,5,2,1,3,1,3,3,3,3,3.0,3.0,4.0,2
166,Eurasier,4,3,2,1,4,3,3,5,4,2,4,3,3,4,2,4,4,4,2,1,2,1,3,2,3,3,3.0,3.0,4.0,2
8,Akita Shepherd,3,3,2,3,4,3,4,3,3,3,4,2,3,3,3,4,4,4,2,3,1,2,3,3,4,3,3.0,3.0,4.0,2
174,French Bullhuahua,4,3,3,2,2,4,4,3,2,3,3,2,4,4,5,1,3,3,4,3,4,2,3,3,3,4,3.0,3.0,3.0,1
179,German Pinscher,3,3,4,3,3,4,5,3,2,2,3,1,5,4,3,3,4,5,3,5,3,4,5,3,5,5,3.0,2.0,4.0,0
181,German Shepherd Pit Bull,1,1,4,1,3,3,5,5,4,4,5,1,5,4,4,4,5,5,5,4,4,3,5,5,5,5,3.0,3.0,4.0,0
182,German Shepherd Rottweiler Mix,3,4,3,3,4,2,4,4,3,3,5,3,3,3,4,4,3,4,3,3,3,2,4,3,4,4,3.0,4.0,4.0,2
26,Australian Cattle Dog,2,1,4,3,4,4,5,3,4,2,3,1,4,5,4,3,5,5,5,4,2,4,5,5,5,5,3.0,3.0,4.0,0
5,Akita,2,2,5,1,5,2,5,1,1,2,5,5,1,4,4,4,2,3,3,4,5,4,4,3,4,5,2.0,5.0,4.0,2
6,Akita Chow,2,1,4,2,5,2,1,1,1,2,4,3,1,2,4,4,2,4,3,4,2,3,4,4,4,2,2.0,4.0,4.0,2
117,Chesapeake Bay Retriever,1,1,3,2,4,4,5,3,1,1,5,3,5,4,4,3,3,4,3,3,3,4,5,5,5,4,2.0,4.0,4.0,2
351,Staffy Bull Bullmastiff,4,1,3,2,3,1,5,4,1,1,3,2,4,3,2,4,1,3,3,2,1,2,1,4,1,3,2.0,2.0,2.0,2
93,Bull Arab,2,1,2,3,4,4,3,3,1,2,2,2,4,4,3,4,2,4,3,5,2,4,4,5,4,2,2.0,2.0,4.0,2
236,Kuvasz,1,1,5,1,5,2,5,1,2,1,4,3,4,4,4,5,2,4,1,1,3,3,4,4,5,4,2.0,4.0,4.0,2
250,Leonberger,1,1,4,2,5,1,5,4,3,2,5,3,4,1,4,5,2,3,4,4,3,2,4,4,4,4,2.0,4.0,4.0,2
258,Maremma Sheepdog,1,1,4,2,4,2,4,4,4,1,5,3,2,5,5,4,1,5,2,1,2,2,4,4,4,2,2.0,4.0,4.0,2
211,Hovawart,1,2,3,2,4,3,4,4,2,2,3,1,4,4,3,4,2,4,2,2,2,2,4,4,4,4,2.0,2.0,4.0,2
268,Neapolitan Mastiff,2,1,4,1,1,2,5,4,2,1,3,5,3,2,5,5,3,3,2,1,1,1,3,1,3,4,2.0,4.0,3.0,2
168,Fila Brasileiro,1,1,3,3,2,3,3,3,2,1,2,3,4,3,4,5,2,4,3,5,3,3,4,4,4,2,2.0,3.0,4.0,2
151,Dogo Argentino,1,1,3,2,2,4,4,2,2,2,1,3,4,3,2,4,2,3,2,5,2,4,4,4,4,3,2.0,2.0,4.0,2
130,Chow Chow,3,2,2,5,5,2,2,1,1,1,1,3,1,2,4,4,2,1,5,2,1,2,2,2,2,1,2.0,3.0,2.0,2
124,Chinese Shar-Pei,4,2,2,4,2,1,2,2,1,2,2,2,5,1,4,3,3,2,5,2,5,2,2,1,3,1,2.0,3.0,2.0,2
113,Central Asian Shepherd Dog,1,1,4,2,5,2,3,3,4,2,4,5,5,5,3,4,2,5,2,1,3,2,3,3,4,2,2.0,4.0,4.0,2
107,Caucasian Shepherd Dog,2,1,2,3,5,2,4,2,2,2,4,4,2,3,4,5,2,4,4,3,3,2,2,4,2,3,2.0,4.0,3.0,2
106,Catahoula Leopard Dog,1,1,2,2,3,3,5,3,1,1,3,1,5,3,3,4,2,3,3,1,3,3,4,3,5,2,2.0,2.0,4.0,2
105,Catahoula Bulldog,1,1,2,3,1,5,4,3,2,1,1,1,5,4,3,4,2,3,4,5,3,3,5,5,5,4,2.0,2.0,4.0,2
103,Cane Corso,1,1,3,1,3,4,4,2,3,2,3,4,5,3,4,4,4,5,2,5,3,2,4,3,5,2,2.0,4.0,4.0,2
94,Bull-Pei,4,2,3,3,1,1,3,2,2,2,4,3,4,3,4,3,3,2,4,2,2,1,2,2,2,2,2.0,4.0,2.0,2
0,Afador,1,1,3,3,4,2,4,2,3,1,4,3,2,3,4,4,1,5,4,4,4,4,4,4,4,3,2.0,4.0,4.0,2
